Owned Facility Inventory Report,,,,,,,,,,,,
,,,,,,,,,,,,
Report Filter:,,,,,,,,,,,,
(Ownership = Owned) And ({Property Status} = Active) And (ST = TX) And ({Building Ownership Description} <> Building Data on another record,,,,,,,,,,,,
,,,,,,,,,,,,
District,PO Name,Unit Name,Property Address,County,City,ST,ZIP Code,Ownership,FDB Facility Type (All),FDB Facility Subtype (All),Bldg Occu Date,Int Sq Ft
TEXAS 3,ABILENE,AUXILIARY VMF,810 N 4TH ST,TAYLOR,ABILENE,TX,79601-5924,Owned,Vehicle Maintenance,Vehicle Maintenance Facility (VMF),3/1/1987,"4,370"
TEXAS 3,ABILENE,MAIN OFFICE,341 PINE ST,TAYLOR,ABILENE,TX,79601-9998,Owned,Post Office,Main Post Office,3/1/1936,"122,503"
TEXAS 3,ABILENE,MAIN OFFICE,341 PINE ST,TAYLOR,ABILENE,TX,79601-9998,Owned,Post Office,Station,3/1/1936,"122,503"
TEXAS 3,ABILENE,SOUTHERN HILLS STA,2501 BUFFALO GAP RD,TAYLOR,ABILENE,TX,79605-6185,Owned,Post Office,Station,12/1/1984,"17,130"
TEXAS 1,ADDISON,MAIN OFFICE,4900 AIRPORT PKWY,DALLAS,ADDISON,TX,75001-9998,Owned,Post Office,Main Post Office,8/1/1998,"18,564"
TEXAS 2,ALAMO,MAIN OFFICE,423 LOS ALAMOS DR,HIDALGO,ALAMO,TX,78516-9998,Owned,Post Office,Main Post Office,,"5,049"
TEXAS 2,ALICE,MAIN OFFICE,401 E 2ND ST,JIM WELLS,ALICE,TX,78332-9998,Owned,Post Office,Administrative Post Office (APO),6/1/1966,"24,262"
TEXAS 1,ALLEN,MAIN OFFICE,401 CENTURY PKWY,COLLIN,ALLEN,TX,75013-8043,Owned,Post Office,Main Post Office,10/31/2020,"24,382"
TEXAS 2,ALVIN,MAIN OFFICE,455 E HOUSE ST,BRAZORIA,ALVIN,TX,77511-9998,Owned,Post Office,Main Post Office,9/1/1986,"17,058"
TEXAS 3,AMARILLO,DOWNTOWN STATION,505 E 9TH AVE,POTTER,AMARILLO,TX,79105-9998,Owned,Post Office,Finance Station,2/1/1978,"8,624"
TEXAS 3,AMARILLO,JORDAN STATION,8301 W AMARILLO BLVD,POTTER,AMARILLO,TX,79124-2153,Owned,Post Office,Station,5/1/2001,"26,220"
TEXAS 3,AMARILLO,LONE STAR STATION,5000 S WESTERN ST,POTTER,AMARILLO,TX,79109-6192,Owned,Post Office,Station,9/1/1999,"35,348"
TEXAS 3,AMARILLO,PDC,2301 ROSS ST,POTTER,AMARILLO,TX,79120-9998,Owned,Post Office,Main Post Office,3/1/1977,"220,270"
TEXAS 3,AMARILLO,PDC,2301 ROSS ST,POTTER,AMARILLO,TX,79120-9998,Owned,Mail Processing,Processing and Distribution Center/Facility (PDC/PDF),3/1/1977,"220,270"
TEXAS 3,AMARILLO,PDC,2301 ROSS ST,POTTER,AMARILLO,TX,79120-9998,Owned,Network Facilities,Logistics (LOG),3/1/1977,"220,270"
TEXAS 3,AMARILLO,VMF,2301 ROSS ST,POTTER,AMARILLO,TX,79120-9341,Owned,Vehicle Maintenance,Vehicle Maintenance Facility (VMF),3/1/1977,"12,880"
TEXAS 3,ANDREWS,MAIN OFFICE,110 NW AVENUE H,ANDREWS,ANDREWS,TX,79714-9997,Owned,Post Office,Administrative Post Office (APO),5/1/1984,"8,237"
TEXAS 2,ANGLETON,MAIN OFFICE,100 CANNAN DR,BRAZORIA,ANGLETON,TX,77515-9998,Owned,Post Office,Main Post Office,7/1/1989,"19,853"
TEXAS 3,ANSON,MAIN OFFICE,1002 11TH ST,JONES,ANSON,TX,79501-9998,Owned,Post Office,Main Post Office,6/1/1939,"6,589"
TEXAS 2,ANSON JONES,STATION,634 W CAVALCADE ST,HARRIS,HOUSTON,TX,77009-9998,Owned,Post Office,Station,11/1/1969,"7,339"
TEXAS 1,ARLINGTON,BARDIN ROAD STATION,1301 E BARDIN RD,TARRANT,ARLINGTON,TX,76018-2130,Owned,Post Office,Station,9/1/1990,"29,747"
TEXAS 1,ARLINGTON,MELEAR STATION,3903 MELEAR DR,TARRANT,ARLINGTON,TX,76015-9998,Owned,Post Office,Station,12/1/1978,"28,666"
TEXAS 1,ARLINGTON,MELEAR STORAGE,3903 MELEAR DR,TARRANT,ARLINGTON,TX,76015-9998,Owned,,,2/1/1988,"2,500"
TEXAS 1,ARLINGTON,MELEAR VMF,3920 S COOPER ST,TARRANT,ARLINGTON,TX,76015-9341,Owned,Vehicle Maintenance,Vehicle Maintenance Facility (VMF),12/1/1978,"4,759"
TEXAS 1,ARLINGTON,OAKWOOD STATION,1009 OAKWOOD LN,TARRANT,ARLINGTON,TX,76012-4475,Owned,Post Office,Station,11/1/1992,"30,275"
TEXAS 1,ARLINGTON,TATE SPRINGS FIN STA,4108 SW GREEN OAKS BLVD,TARRANT,ARLINGTON,TX,76017-4198,Owned,Post Office,Finance Station,9/1/1987,"11,435"
TEXAS 1,ARLINGTON,WATSON STATION,1975 BALLPARK WAY,TARRANT,ARLINGTON,TX,76006-6635,Owned,Post Office,Station,7/1/1987,"27,089"
TEXAS 3,ART,MPO/MODULAR BUILDING,7866 E STATE HIGHWAY 29,MASON,ART,TX,76820-9817,Owned,Post Office,Remotely Managed Post Office (RMPO),4/1/1999,736
TEXAS 1,ATHENS,MAIN OFFICE,409 E TYLER ST,HENDERSON,ATHENS,TX,75751-9998,Owned,Post Office,Main Post Office,11/1/1969,"13,053"
TEXAS 1,ATLANTA,MAIN OFFICE,101 E MILLER ST,CASS,ATLANTA,TX,75551-9998,Owned,Post Office,Administrative Post Office (APO),5/1/1986,"8,143"
TEXAS 1,AUBREY,MAIN OFFICE,120 STANLEY DR,DENTON,AUBREY,TX,76227-9997,Owned,Post Office,Main Post Office,,0
TEXAS 3,AUSTIN,BALCONES STATION,11900 JOLLYVILLE RD,TRAVIS,AUSTIN,TX,78759-9998,Owned,Post Office,Station,12/1/1984,"26,017"
TEXAS 3,AUSTIN,BLUEBONNET STATION,1822 W BRAKER LN,TRAVIS,AUSTIN,TX,78758-9998,Owned,Post Office,Station,9/1/1991,"27,083"
TEXAS 3,AUSTIN,CENTRAL PARK STATION,3507 N LAMAR BLVD,TRAVIS,AUSTIN,TX,78705-9997,Owned,Post Office,Station,10/1/1999,"18,900"
TEXAS 3,AUSTIN,CHIMNEY CORNERS STATION,3575 FAR WEST BLVD,TRAVIS,AUSTIN,TX,78731-9998,Owned,Post Office,Station,12/1/1997,"27,815"
TEXAS 3,AUSTIN,LAKE TRAVIS BRANCH,2110 RANCH ROAD 620 S,TRAVIS,LAKEWAY,TX,78734-9998,Owned,Post Office,Station,5/1/1999,"21,487"
TEXAS 3,AUSTIN,McNeil Station,10109 LAKE CREEK PKWY,WILLIAMSON,AUSTIN,TX,78729-1711,Owned,Post Office,Station,12/21/2009,"10,087"
TEXAS 3,AUSTIN,MOCKINGBIRD STATION,7310 MENCHACA RD,TRAVIS,AUSTIN,TX,78745-9998,Owned,Post Office,Station,7/1/1991,"26,104"
TEXAS 3,AUSTIN,NORTHCROSS STATION,7700 NORTHCROSS DR,TRAVIS,AUSTIN,TX,78757-9998,Owned,Post Office,Station,11/1/1998,"24,722"
TEXAS 3,AUSTIN,NORTHEAST STATION,900 BLACKSON AVE,TRAVIS,AUSTIN,TX,78752-9998,Owned,Post Office,Station,10/1/1974,"14,875"
TEXAS 3,AUSTIN,NORTHEAST VMF,900 BLACKSON AVE,TRAVIS,AUSTIN,TX,78752-9998,Owned,Vehicle Maintenance,Vehicle Maintenance Facility (VMF),10/1/1974,0
TEXAS 3,AUSTIN,OAK HILL STATION,6104 OLD FREDERICKSBURG RD,TRAVIS,AUSTIN,TX,78749-9998,Owned,Post Office,Station,7/1/1988,"18,299"
TEXAS 3,AUSTIN,P&DC,8225 CROSS PARK DR,TRAVIS,AUSTIN,TX,78710-9716,Owned,Post Office,Main Post Office,5/1/1988,"338,562"
TEXAS 3,AUSTIN,P&DC,8225 CROSS PARK DR,TRAVIS,AUSTIN,TX,78710-9716,Owned,Post Office,Finance Station,5/1/1988,"338,562"
TEXAS 3,AUSTIN,P&DC,8225 CROSS PARK DR,TRAVIS,AUSTIN,TX,78710-9716,Owned,Mail Processing,Processing and Distribution Center/Facility (PDC/PDF),5/1/1988,"338,562"
TEXAS 3,AUSTIN,P&DC,8225 CROSS PARK DR,TRAVIS,AUSTIN,TX,78710-9716,Owned,Administrative Office,Office of the Inspector General Office (OIG),5/1/1988,"338,562"
TEXAS 3,AUSTIN,P&DC,8225 CROSS PARK DR,TRAVIS,AUSTIN,TX,78710-9716,Owned,Network Facilities,Logistics (LOG),5/1/1988,"338,562"
TEXAS 3,AUSTIN,S CONGRESS STATION,3903 S CONGRESS AVE,TRAVIS,AUSTIN,TX,78704-9998,Owned,Post Office,Station,2/1/2000,"24,335"
TEXAS 3,AUSTIN,SOUTHEAST STATION,4516 BURLESON RD,TRAVIS,AUSTIN,TX,78744-9998,Owned,Post Office,Station,11/1/1976,"19,804"
TEXAS 1,AZLE,MAIN OFFICE,409 COMMERCE ST,TARRANT,AZLE,TX,76020-9998,Owned,Post Office,Main Post Office,11/1/1989,"16,793"
TEXAS 1,BAILEY,MO/MODULAR BLDG,107 N MAIN ST,FANNIN,BAILEY,TX,75413-9998,Owned,Post Office,Remotely Managed Post Office (RMPO),5/1/1997,728
TEXAS 3,BALLINGER,MAIN OFFICE,116 S 8TH ST,RUNNELS,BALLINGER,TX,76821-9998,Owned,Post Office,Administrative Post Office (APO),6/1/1938,"5,525"
TEXAS 3,BARSTOW,MPO/MODULAR BLDG,211 MACKEY AVE,WARD,BARSTOW,TX,79719-9800,Owned,Post Office,Remotely Managed Post Office (RMPO),6/1/1996,736
TEXAS 2,BAY CITY,MAIN OFFICE,1309 BAYWOOD DR,MATAGORDA,BAY CITY,TX,77414-9998,Owned,Post Office,Administrative Post Office (APO),11/1/1989,"24,220"
TEXAS 2,BAYTOWN,MAIN OFFICE,601 W BAKER RD,HARRIS,BAYTOWN,TX,77521-9998,Owned,Post Office,Main Post Office,7/1/1985,"22,149"
TEXAS 2,BAYTOWN,STATION A,3508 MARKET ST,HARRIS,BAYTOWN,TX,77520-9998,Owned,Post Office,Finance Station,6/1/1936,"8,669"
TEXAS 2,BEAUMONT,BEAUMONT TX LPC,5815 WALDEN RD,JEFFERSON,BEAUMONT,TX,77707-9998,Owned,Post Office,Main Post Office,11/1/1987,"148,347"
TEXAS 2,BEAUMONT,BEAUMONT TX LPC,5815 WALDEN RD,JEFFERSON,BEAUMONT,TX,77707-9998,Owned,Mail Processing,Processing and Distribution Center/Facility (PDC/PDF),11/1/1987,"148,347"
TEXAS 2,BEAUMONT,BEAUMONT TX LPC,5815 WALDEN RD,JEFFERSON,BEAUMONT,TX,77707-9998,Owned,Post Office,Service Hub Facility (SHF),11/1/1987,"148,347"
TEXAS 2,BEAUMONT,BEAUMONT TX LPC,5815 WALDEN RD,JEFFERSON,BEAUMONT,TX,77707-9998,Owned,Network Facilities,Logistics (LOG),11/1/1987,"148,347"
TEXAS 2,BEAUMONT,SOUTH END STATION,3501 AVENUE A,JEFFERSON,BEAUMONT,TX,77705-9996,Owned,Post Office,Station,,"20,624"
TEXAS 2,BEAUMONT,TOBE HAHN STATION,3910 N DOWLEN RD,JEFFERSON,BEAUMONT,TX,77706-9998,Owned,Post Office,Station,1/1/1998,"33,142"
TEXAS 2,BEAUMONT,VMF,5815 WALDEN RD,JEFFERSON,BEAUMONT,TX,77707-9998,Owned,Vehicle Maintenance,Vehicle Maintenance Facility (VMF),11/1/1987,"11,302"
TEXAS 1,BEDFORD,CENTRAL STATION,2124 L DON DODSON DR,TARRANT,BEDFORD,TX,76021-9997,Owned,Post Office,Finance Station,10/1/1976,"8,362"
TEXAS 1,BEDFORD,CENTRAL STATION,2124 L DON DODSON DR,TARRANT,BEDFORD,TX,76021-9997,Owned,Administrative Office,Postal Inspection Service Field Division (USPIS),10/1/1976,"8,362"
TEXAS 1,BEDFORD,MAIN OFFICE,1300 HARWOOD RD,TARRANT,BEDFORD,TX,76021-4516,Owned,Post Office,Main Post Office,6/1/1987,"23,075"
TEXAS 3,BEEVILLE,MAIN OFFICE,111 N SAINT MARYS ST,BEE,BEEVILLE,TX,78102-9998,Owned,Post Office,Administrative Post Office (APO),6/1/1918,"14,723"
TEXAS 2,BELLAIRE,MAIN OFFICE,5350 BELLAIRE BLVD,HARRIS,BELLAIRE,TX,77401-9998,Owned,Post Office,Main Post Office,11/1/1988,"21,815"
TEXAS 3,BELTON,MAIN OFFICE,111 N WALL ST,BELL,BELTON,TX,76513-9998,Owned,Post Office,Main Post Office,10/1/1984,"9,477"
TEXAS 3,BIG SPRING,MAIN OFFICE,501 S MAIN ST,HOWARD,BIG SPRING,TX,79720-9998,Owned,Post Office,Administrative Post Office (APO),6/1/1969,"39,036"
TEXAS 3,BLEDSOE,MO/MODULAR BLDG,512 4TH ST,COCHRAN,BLEDSOE,TX,79314-3000,Owned,Post Office,Remotely Managed Post Office (RMPO),6/1/1998,736
TEXAS 1,BLUEGROVE,MPO/MODULAR BUILDING,1720 FM 172,CLAY,BLUEGROVE,TX,76352-9998,Owned,Post Office,Remotely Managed Post Office (RMPO),12/1/1996,736
TEXAS 3,BOERNE,CARRIER ANNEX,6 UPPER BALCONES RD,KENDALL,BOERNE,TX,78006-9996,Owned,Post Office,Carrier Annex (ANX),11/15/2009,"7,828"
TEXAS 3,BOERNE,MAIN OFFICE,607 E BLANCO RD,KENDALL,BOERNE,TX,78006-9998,Owned,Post Office,Main Post Office,7/1/1984,"6,119"
TEXAS 1,BONHAM,MAIN OFFICE,300 N CENTER ST,FANNIN,BONHAM,TX,75418-9998,Owned,Post Office,Administrative Post Office (APO),6/1/1914,"13,459"
TEXAS 3,BORGER,MAIN OFFICE,500 S MCGEE ST,HUTCHINSON,BORGER,TX,79007-9998,Owned,Post Office,Main Post Office,7/1/1978,"9,280"
TEXAS 1,BOWIE,MAIN OFFICE,113 N MASON ST,MONTAGUE,BOWIE,TX,76230-9998,Owned,Post Office,Administrative Post Office (APO),6/1/1935,"9,902"
TEXAS 3,BRADY,MAIN OFFICE,229 S BLACKBURN ST,MCCULLOCH,BRADY,TX,76825-9998,Owned,Post Office,Administrative Post Office (APO),6/1/1937,"9,754"
TEXAS 2,BRAZORIA,MAIN OFFICE,111 GAINES ST,BRAZORIA,BRAZORIA,TX,77422-9998,Owned,Post Office,Administrative Post Office (APO),5/1/1991,"13,814"
TEXAS 1,BRECKENRIDGE,MAIN OFFICE,123 W WILLIAMS ST,STEPHENS,BRECKENRIDGE,TX,76424-9998,Owned,Post Office,Administrative Post Office (APO),1/1/1935,"9,395"
TEXAS 1,BREMOND,MAIN OFFICE,400 S MAIN ST,ROBERTSON,BREMOND,TX,76629-9998,Owned,Post Office,Administrative Post Office (APO),8/1/1961,"2,992"
TEXAS 2,BRIDGE CITY,MAIN OFFICE,900 TEXAS AVE,ORANGE,BRIDGE CITY,TX,77611-9998,Owned,Post Office,Main Post Office,9/1/1985,"8,373"
TEXAS 2,BROWNSVILLE,MAIN OFFICE,1535 E LOS EBANOS BLVD,CAMERON,BROWNSVILLE,TX,78520-9998,Owned,Post Office,Main Post Office,4/1/1972,"22,802"
TEXAS 3,BROWNWOOD,MAIN OFFICE,600 CENTER AVE,BROWN,BROWNWOOD,TX,76801-2800,Owned,Post Office,Administrative Post Office (APO),6/1/1914,"20,926"
TEXAS 2,BRYAN,DOWNTOWN STA,210 W WM J BRYAN PKWY,BRAZOS,BRYAN,TX,77803-9998,Owned,Post Office,Finance Station,5/1/1975,"11,218"
TEXAS 2,BRYAN,P&DC-MAIN OFFICE-SHF,2121 E WM J BRYAN PKWY,BRAZOS,BRYAN,TX,77801-9998,Owned,Post Office,Main Post Office,11/1/1990,"119,702"
TEXAS 2,BRYAN,P&DC-MAIN OFFICE-SHF,2121 E WM J BRYAN PKWY,BRAZOS,BRYAN,TX,77801-9998,Owned,Mail Processing,Processing and Distribution Center/Facility (PDC/PDF),11/1/1990,"119,702"
TEXAS 2,BRYAN,P&DC-MAIN OFFICE-SHF,2121 E WM J BRYAN PKWY,BRAZOS,BRYAN,TX,77801-9998,Owned,Post Office,Service Hub Facility (SHF),11/1/1990,"119,702"
TEXAS 2,BRYAN,P&DC-MAIN OFFICE-SHF,2121 E WM J BRYAN PKWY,BRAZOS,BRYAN,TX,77801-9998,Owned,Post Office,Sorting and Delivery Center (SDC),11/1/1990,"119,702"
TEXAS 3,BUDA,MPO,1320 CABELAS DR,HAYS,BUDA,TX,78610-9998,Owned,Post Office,Main Post Office,9/12/2009,"6,471"
TEXAS 1,BUFFALO,MAIN OFFICE,208 CENTER ST,LEON,BUFFALO,TX,75831-9998,Owned,Post Office,Administrative Post Office (APO),6/1/1965,"3,825"
TEXAS 1,BURKBURNETT,MAIN OFFICE,501 COUNTY RD,WICHITA,BURKBURNETT,TX,76354-2673,Owned,Post Office,Main Post Office,9/1/1985,"8,379"
TEXAS 1,BURLESON,MAIN OFFICE,232 SW JOHNSON AVE,JOHNSON,BURLESON,TX,76028-9998,Owned,Post Office,Main Post Office,4/1/1982,"21,653"
TEXAS 2,CALDWELL,MAIN OFFICE,201 N MAIN ST,BURLESON,CALDWELL,TX,77836-9998,Owned,Post Office,Administrative Post Office (APO),7/1/1986,"4,614"
TEXAS 1,CAMDEN,MAIN OFFICE BUILDING,242 POST OFFICE RD,POLK,CAMDEN,TX,75934-9998,Owned,Post Office,Remotely Managed Post Office (RMPO),,768
TEXAS 3,CAMERON,MAIN OFFICE,202 W 2ND ST,MILAM,CAMERON,TX,76520-9998,Owned,Post Office,Main Post Office,3/1/1918,"6,359"
TEXAS 3,CANYON,MAIN OFFICE,1304 4TH AVE,RANDALL,CANYON,TX,79015-3739,Owned,Post Office,Administrative Post Office (APO),8/1/1978,"7,781"
TEXAS 1,CARLTON,MPO/MODULAR BLDG,139 S FM 1744,HAMILTON,CARLTON,TX,76436-9802,Owned,Post Office,Remotely Managed Post Office (RMPO),11/1/1995,736
TEXAS 3,CARRIZO SPRINGS,MAIN OFFICE,401 N 5TH ST,DIMMIT,CARRIZO SPRINGS,TX,78834-9998,Owned,Post Office,Administrative Post Office (APO),10/1/1985,"6,573"
TEXAS 1,CARROLLTON,MAIN OFFICE,2030 E JACKSON RD,DALLAS,CARROLLTON,TX,75006-9998,Owned,Post Office,Main Post Office,11/1/1987,"29,518"
TEXAS 1,CARROLLTON,ROSEMEADE STATION,3755 N JOSEY LN,DALLAS,CARROLLTON,TX,75007-9998,Owned,Post Office,Station,7/1/1985,"23,710"
TEXAS 1,CARTHAGE,MAIN OFFICE,109 W WELLINGTON ST,PANOLA,CARTHAGE,TX,75633-9998,Owned,Post Office,Administrative Post Office (APO),6/1/1966,"10,635"
TEXAS 3,CATARINA,MO/MODULAR BLDG,19929 S US HIGHWAY 83,DIMMIT,CATARINA,TX,78836-9800,Owned,Post Office,Non Personnel Unit (NPU),11/1/1994,874
TEXAS 1,CEDAR HILL,MAIN OFFICE,475 E FM 1382,DALLAS,CEDAR HILL,TX,75104-9998,Owned,Post Office,Main Post Office,11/1/1992,"24,251"
TEXAS 3,CEDAR PARK,MAIN OFFICE,500 E WHITESTONE BLVD,WILLIAMSON,CEDAR PARK,TX,78613-9998,Owned,Post Office,Main Post Office,1/1/1999,"20,000"
TEXAS 2,CHANNELVIEW,MAIN OFFICE,531 SHELDON RD,HARRIS,CHANNELVIEW,TX,77530-9998,Owned,Post Office,Main Post Office,9/1/1986,"10,304"
TEXAS 2,CHAPMAN RANCH,MAIN OFFICE,1004 COUNTY ROAD 8A,NUECES,CHAPMAN RANCH,TX,78347-9800,Owned,Post Office,Remotely Managed Post Office (RMPO),,450
TEXAS 3,CHILDRESS,MAIN OFFICE,507 AVENUE F NW,CHILDRESS,CHILDRESS,TX,79201-9998,Owned,Post Office,Administrative Post Office (APO),7/1/1980,"9,130"
TEXAS 3,CHILDRESS,MAIN OFFICE,507 AVENUE F NW,CHILDRESS,CHILDRESS,TX,79201-9998,Owned,Post Office,Service Hub Facility (SHF),7/1/1980,"9,130"
TEXAS 1,CHILTON,MO/MODULAR BLDG,2581 STATE HIGHWAY 7,FALLS,CHILTON,TX,76632-9998,Owned,Post Office,Remotely Managed Post Office (RMPO),3/1/1996,736
TEXAS 2,CHRIESMAN,MPO/MODULAR BLDG,136 PRAIRIE ST,BURLESON,CHRIESMAN,TX,77838-5000,Owned,Post Office,Remotely Managed Post Office (RMPO),10/1/1998,732
TEXAS 3,CIBOLO,MAIN OFFICE,725 FM 1103,GUADALUPE,CIBOLO,TX,78108-9998,Owned,Post Office,Main Post Office,2/1/1990,"7,465"
TEXAS 1,CISCO,MAIN OFFICE,206 W 6TH ST,EASTLAND,CISCO,TX,76437-9998,Owned,Post Office,Administrative Post Office (APO),6/1/1932,"17,613"
TEXAS 1,CLARKSVILLE,MAIN OFFICE,403 N WALNUT ST,RED RIVER,CLARKSVILLE,TX,75426-9998,Owned,Post Office,Administrative Post Office (APO),6/1/1915,"9,854"
TEXAS 1,CLAYTON,MPO/MODULAR BLDG,4535 W HIGHWAY 315,PANOLA,CLAYTON,TX,75637-9998,Owned,Post Office,Remotely Managed Post Office (RMPO),5/1/1996,736
TEXAS 1,CLEBURNE,MAIN OFFICE,201 FAIRCREST DR,JOHNSON,CLEBURNE,TX,76033-4649,Owned,Post Office,Main Post Office,4/1/1991,"27,820"
TEXAS 2,CLEVELAND,MAIN OFFICE,1213 E HOUSTON ST,LIBERTY,CLEVELAND,TX,77327-9998,Owned,Post Office,Administrative Post Office (APO),10/1/1976,"9,160"
TEXAS 1,CLIFTON,MAIN OFFICE,407 W 5TH ST,BOSQUE,CLIFTON,TX,76634-9998,Owned,Post Office,Administrative Post Office (APO),10/1/1940,"6,172"
TEXAS 2,CLUTE,MAIN OFFICE,530 E MAIN ST,BRAZORIA,CLUTE,TX,77531-9998,Owned,Post Office,Main Post Office,7/1/1986,"11,125"
TEXAS 3,COLEMAN,MAIN OFFICE,201 W PECAN ST,COLEMAN,COLEMAN,TX,76834-9998,Owned,Post Office,Administrative Post Office (APO),6/1/1932,"13,609"
TEXAS 2,COLLEGE STATION,MAIN OFFICE,2130 HARVEY MITCHELL PKWY S,BRAZOS,COLLEGE STATION,TX,77840-9998,Owned,Post Office,Main Post Office,4/1/1988,"26,279"
TEXAS 2,COLLEGE STATION,NORTHGATE STATION,104 N HOUSTON ST,BRAZOS,COLLEGE STATION,TX,77841-9800,Owned,Post Office,Finance Station,6/1/1937,"22,642"
TEXAS 1,COLLEYVILLE,MAIN OFFICE,1501 HALL JOHNSON RD,TARRANT,COLLEYVILLE,TX,76034-9998,Owned,Post Office,Main Post Office,4/1/1998,"17,333"
TEXAS 3,COLORADO CITY,MAIN OFFICE,116 W 3RD ST,MITCHELL,COLORADO CITY,TX,79512-9998,Owned,Post Office,Administrative Post Office (APO),6/1/1935,"6,339"
TEXAS 3,COMSTOCK,MPO/MODULAR BLDG,32108 W US HIGHWAY 90,VAL VERDE,COMSTOCK,TX,78837-9998,Owned,Post Office,Part Time Post Office (PTPO),3/1/1996,736
TEXAS 2,CONCEPCION,MPO/MODULAR BLDG.,2239 FM 716,DUVAL,CONCEPCION,TX,78349-9998,Owned,Post Office,Remotely Managed Post Office (RMPO),1/1/2005,700
TEXAS 2,CONROE,MAIN OFFICE,809 W DALLAS ST,MONTGOMERY,CONROE,TX,77301-9998,Owned,Post Office,Main Post Office,7/1/1981,"39,276"
TEXAS 3,CONVERSE,MAIN OFFICE,9155 SCHAEFER RD,BEXAR,CONVERSE,TX,78109-9998,Owned,Post Office,Main Post Office,9/1/1990,"11,912"
TEXAS 1,COOPER,MAIN OFFICE,150 E DALLAS AVE,DELTA,COOPER,TX,75432-9998,Owned,Post Office,Administrative Post Office (APO),6/1/1937,"7,333"
TEXAS 1,COPPELL,MAIN OFFICE,450 S DENTON TAP RD,DALLAS,COPPELL,TX,75019-9998,Owned,Post Office,Main Post Office,9/1/1987,"17,630"
TEXAS 3,COPPERAS COVE,MAIN OFFICE,802 E AVENUE D,CORYELL,COPPERAS COVE,TX,76522-9998,Owned,Post Office,Main Post Office,11/1/1983,"9,679"
TEXAS 2,CORPUS CHRISTI,FLOUR BLUFF STATION,10139 SECURITY DR,NUECES,CORPUS CHRISTI,TX,78418-9998,Owned,Post Office,Station,10/1/1984,"6,827"
TEXAS 2,CORPUS CHRISTI,LAMAR PARK STATION,4801 EVERHART RD,NUECES,CORPUS CHRISTI,TX,78411-9998,Owned,Post Office,Station,10/1/2003,"17,933"
TEXAS 2,CORPUS CHRISTI,P&DC,809 NUECES BAY BLVD,NUECES,CORPUS CHRISTI,TX,78469-9998,Owned,Post Office,Main Post Office,12/1/1969,"113,333"
TEXAS 2,CORPUS CHRISTI,P&DC,809 NUECES BAY BLVD,NUECES,CORPUS CHRISTI,TX,78469-9998,Owned,Vehicle Maintenance,Vehicle Maintenance Facility (VMF),12/1/1969,"113,333"
TEXAS 2,CORPUS CHRISTI,P&DC,809 NUECES BAY BLVD,NUECES,CORPUS CHRISTI,TX,78469-9998,Owned,Mail Processing,Processing and Distribution Center/Facility (PDC/PDF),12/1/1969,"113,333"
TEXAS 2,CORPUS CHRISTI,P&DC,809 NUECES BAY BLVD,NUECES,CORPUS CHRISTI,TX,78469-9998,Owned,Post Office,Finance Station,12/1/1969,"113,333"
TEXAS 2,CORPUS CHRISTI,P&DC,809 NUECES BAY BLVD,NUECES,CORPUS CHRISTI,TX,78469-9998,Owned,Network Facilities,Logistics (LOG),12/1/1969,"113,333"
TEXAS 2,CORPUS CHRISTI,PORTAIRS STATION,4213 S PORT AVE,NUECES,CORPUS CHRISTI,TX,78415-9998,Owned,Post Office,Station,12/1/1986,"15,175"
TEXAS 2,CORPUS CHRISTI,SIX POINTS STATION,902 AYERS ST,NUECES,CORPUS CHRISTI,TX,78404-9998,Owned,Post Office,Station,12/1/1975,"6,794"
TEXAS 2,CORPUS CHRISTI,SOUTHSIDE STATION,6742 WEBER RD,NUECES,CORPUS CHRISTI,TX,78413-9998,Owned,Post Office,Station,4/1/1985,"8,609"
TEXAS 1,CORSICANA,MAIN OFFICE,116 S MAIN ST,NAVARRO,CORSICANA,TX,75110-9998,Owned,Post Office,Administrative Post Office (APO),3/1/1911,"25,428"
TEXAS 3,COTTON CENTER,MPO/MODULAR BUILDING,2359 FM 179,HALE,COTTON CENTER,TX,79021-9800,Owned,Post Office,Remotely Managed Post Office (RMPO),9/1/1999,700
TEXAS 3,CRANE,MAIN OFFICE,509 S ALFORD ST,CRANE,CRANE,TX,79731-9998,Owned,Post Office,Main Post Office,12/1/1959,"4,284"
TEXAS 1,CROCKETT,MAIN OFFICE,600 E GOLIAD AVE,HOUSTON,CROCKETT,TX,75835-9998,Owned,Post Office,Administrative Post Office (APO),6/1/1932,"9,584"
TEXAS 2,CROSBY,MAIN OFFICE,133 HARE RD,HARRIS,CROSBY,TX,77532-9998,Owned,Post Office,Main Post Office,2/1/1986,"12,874"
TEXAS 1,CROWLEY,MAIN OFFICE,200 S CROWLEY RD,TARRANT,CROWLEY,TX,76036-9998,Owned,Post Office,Main Post Office,3/1/1986,"7,100"
TEXAS 2,CUERO,MAIN OFFICE,301 E MAIN ST,DE WITT,CUERO,TX,77954-9998,Owned,Post Office,Administrative Post Office (APO),9/1/1969,"6,027"
TEXAS 1,CUNEY,MPO/MODULAR BLDG,9455 US HIGHWAY 175 W,CHEROKEE,CUNEY,TX,75759-9998,Owned,Post Office,Remotely Managed Post Office (RMPO),4/1/1998,"1,464"
TEXAS 1,CUNNINGHAM,MPO/MODULAR BLDG,12810 FM 196,LAMAR,CUNNINGHAM,TX,75434-9998,Owned,Post Office,Remotely Managed Post Office (RMPO),5/1/1998,"1,500"
TEXAS 2,CYPRESS,MAIN OFFICE,16635 SPRING CYPRESS RD,HARRIS,CYPRESS,TX,77429-9998,Owned,Post Office,Main Post Office,10/1/1976,"25,741"
TEXAS 1,DAINGERFIELD,MAIN OFFICE,214 W SCURRY ST,MORRIS,DAINGERFIELD,TX,75638-9998,Owned,Post Office,Administrative Post Office (APO),6/1/1960,"8,495"
TEXAS 1,DALLAS,BENT TREE STATION,4475 TRINITY MILLS RD,DALLAS,DALLAS,TX,75287-9998,Owned,Post Office,Station,11/1/1988,"16,921"
TEXAS 1,DALLAS,BEVERLY HILLS STA,2202 S COCKRELL HILL RD,DALLAS,DALLAS,TX,75211-9998,Owned,Post Office,Station,3/1/1976,"24,721"
TEXAS 1,DALLAS,BROOKHOLLOW STATION,5055 NORWOOD RD,DALLAS,DALLAS,TX,75247-9998,Owned,Post Office,Station,4/1/1987,"29,246"
TEXAS 1,DALLAS,DOWNTOWN STATION,400 N ERVAY ST,DALLAS,DALLAS,TX,75201-9998,Owned,Post Office,Station,5/1/1930,"26,076"
TEXAS 1,DALLAS,DR CAESAR CLARK STATION,1502 E KIEST BLVD,DALLAS,DALLAS,TX,75216-9998,Owned,Post Office,Station,12/1/1987,"16,739"
TEXAS 1,DALLAS,FARMERS BRANCH BRANCH,13904 JOSEY LN,DALLAS,DALLAS,TX,75234-9998,Owned,Post Office,Branch,7/1/1978,"16,869"
TEXAS 1,DALLAS,HIGHLAND HILLS STA,3655 SIMPSON STUART RD,DALLAS,DALLAS,TX,75241-9998,Owned,Post Office,Station,2/1/1977,"8,361"
TEXAS 1,DALLAS,JOE POOL STATION,5521 S HAMPTON RD,DALLAS,DALLAS,TX,75232-9998,Owned,Post Office,Station,5/1/1998,"22,988"
TEXAS 1,DALLAS,JUANITA CRAFT STATION,3055 AL LIPSCOMB WAY,DALLAS,DALLAS,TX,75215-9998,Owned,Post Office,Station,9/1/1990,"25,448"
TEXAS 1,DALLAS,LAKE HIGHLANDS STA,10502 MARKISON RD,DALLAS,DALLAS,TX,75238-9998,Owned,Post Office,Station,7/1/1986,"11,218"
TEXAS 1,DALLAS,LAKEWOOD STATION,6120 SWISS AVE,DALLAS,DALLAS,TX,75214-9998,Owned,Post Office,Station,4/1/1976,"9,083"
TEXAS 1,DALLAS,MEDRANO STATION,8624 FERGUSON RD,DALLAS,DALLAS,TX,75228-9998,Owned,Post Office,Station,6/1/2000,"31,540"
TEXAS 1,DALLAS,NDC,2400 DALLAS FT WORTH TPKE,DALLAS,DALLAS,TX,75398-9100,Owned,Network Facilities,Network Distribution Center (NDC/ASF),7/1/1975,"547,059"
TEXAS 1,DALLAS,NDC,2400 DALLAS FT WORTH TPKE,DALLAS,DALLAS,TX,75398-9100,Owned,Network Facilities,Logistics (LOG),7/1/1975,"547,059"
TEXAS 1,DALLAS,NORTHAVEN STA,2736 ROYAL LN,DALLAS,DALLAS,TX,75229-9998,Owned,Post Office,Station,4/1/1975,"14,412"
TEXAS 1,DALLAS,NORTHWEST STATION,2341 W NORTHWEST HWY,DALLAS,DALLAS,TX,75220-9998,Owned,Post Office,Station,8/1/1987,"23,009"
TEXAS 1,DALLAS,OAK LAWN STATION,2825 OAK LAWN AVE,DALLAS,DALLAS,TX,75219-9998,Owned,Post Office,Station,2/1/1982,"18,232"
TEXAS 1,DALLAS,P&DC,401 TOM LANDRY HWY,DALLAS,DALLAS,TX,75260-9998,Owned,Post Office,Main Post Office,7/1/1978,"439,959"
TEXAS 1,DALLAS,P&DC,401 TOM LANDRY HWY,DALLAS,DALLAS,TX,75260-9998,Owned,Post Office,Finance Station - No Delivery,7/1/1978,"439,959"
TEXAS 1,DALLAS,P&DC,401 TOM LANDRY HWY,DALLAS,DALLAS,TX,75260-9998,Owned,Mail Processing,Processing and Distribution Center/Facility (PDC/PDF),7/1/1978,"439,959"
TEXAS 1,DALLAS,P&DC,401 TOM LANDRY HWY,DALLAS,DALLAS,TX,75260-9998,Owned,Post Office,Carrier Annex (ANX),7/1/1978,"439,959"
TEXAS 1,DALLAS,P&DC,401 TOM LANDRY HWY,DALLAS,DALLAS,TX,75260-9998,Owned,Administrative Office,Office of the Inspector General Office (OIG),7/1/1978,"439,959"
TEXAS 1,DALLAS,P&DC,401 TOM LANDRY HWY,DALLAS,DALLAS,TX,75260-9998,Owned,Other Customer Service,Computerized Forwarding System (CFS),7/1/1978,"439,959"
TEXAS 1,DALLAS,P&DC,401 TOM LANDRY HWY,DALLAS,DALLAS,TX,75260-9998,Owned,Network Facilities,Logistics (LOG),7/1/1978,"439,959"
TEXAS 1,DALLAS,PARKDALE STATION,7720 MILITARY PKWY,DALLAS,DALLAS,TX,75227-9998,Owned,Post Office,Station,11/1/1975,"12,194"
TEXAS 1,DALLAS,PLEASANT GROVE STA,350 S BUCKNER BLVD,DALLAS,DALLAS,TX,75217-9998,Owned,Post Office,Station,2/1/1998,"19,541"
TEXAS 1,DALLAS,PRESTON STATION,8604 TURTLE CREEK BLVD,DALLAS,DALLAS,TX,75225-9998,Owned,Post Office,Station,8/1/1972,"9,672"
TEXAS 1,DALLAS,PRESTONWOOD STATION,5995 SUMMERSIDE DR,DALLAS,DALLAS,TX,75248-9998,Owned,Post Office,Branch,11/1/1988,"26,979"
TEXAS 1,DALLAS,RICHLAND STATION,9130 MARKVILLE DR,DALLAS,DALLAS,TX,75243-9998,Owned,Post Office,Station,11/1/1989,"53,394"
TEXAS 1,DALLAS,RICHLAND STATION,9130 MARKVILLE DR,DALLAS,DALLAS,TX,75243-9998,Owned,Administrative Office,Postal Inspection Service Field Division (USPIS),11/1/1989,"53,394"
TEXAS 1,DALLAS,RICHLAND STATION,9130 MARKVILLE DR,DALLAS,DALLAS,TX,75243-9998,Owned,Administrative Office,Office of the Inspector General Office (OIG),11/1/1989,"53,394"
TEXAS 1,DALLAS,SEAGOVILLE MAIN OFFICE,15300 SEAGOVILLE RD,DALLAS,DALLAS,TX,75253-9998,Owned,Post Office,Main Post Office,10/1/1992,"13,495"
TEXAS 1,DALLAS,SPRING VALLEY STATION,13770 NOEL RD,DALLAS,DALLAS,TX,75240-9998,Owned,Post Office,Station,2/1/1978,"43,494"
TEXAS 1,DALLAS,SPRING VALLEY VMF,4460 ALPHA RD,DALLAS,DALLAS,TX,75244-9996,Owned,Vehicle Maintenance,Vehicle Maintenance Facility (VMF),12/1/1975,"8,940"
TEXAS 1,DALLAS,UNIVERSITY STATION,5606 SMU BLVD,DALLAS,DALLAS,TX,75206-9998,Owned,Post Office,Station,4/1/1981,"20,674"
TEXAS 1,DALLAS,VICKERY STATION,6640 ABRAMS RD,DALLAS,DALLAS,TX,75231-9998,Owned,Post Office,Station,8/1/1990,"24,923"
TEXAS 1,DALLAS,VMF,401 TOM LANDRY HWY,DALLAS,DALLAS,TX,75260-9731,Owned,Vehicle Maintenance,Vehicle Maintenance Facility (VMF),7/1/1978,"34,365"
TEXAS 1,DALLAS,VMF,2400 DFW TURNPIKE,DALLAS,DALLAS,TX,75398-0001,Owned,,,7/1/1975,0
TEXAS 1,DALLAS,WHITE ROCK STATION,1351 N BUCKNER BLVD,DALLAS,DALLAS,TX,75218-9998,Owned,Post Office,Station,8/1/1987,"11,040"
TEXAS 1,DALLAS HAMILTON PARK,(R0BERT PRICE) STATION,8135 FOREST LN,DALLAS,DALLAS,TX,75230-9998,Owned,Post Office,Station,3/1/2000,"13,466"
TEXAS 2,DANEVANG,MPO/MODULAR BLDG,11294 S STATE HIGHWAY 71,WHARTON,DANEVANG,TX,77432-9800,Owned,Post Office,Remotely Managed Post Office (RMPO),,697
TEXAS 2,DAYTON,MAIN OFFICE,110 S MAIN ST,LIBERTY,DAYTON,TX,77535-9998,Owned,Post Office,Main Post Office,9/1/1990,"13,210"
TEXAS 2,DEANVILLE ,MPO/MODULAR BLDG,6625 FM 111,BURLESON,DEANVILLE,TX,77852-4500,Owned,Post Office,Remotely Managed Post Office (RMPO),11/1/1998,700
TEXAS 1,DECATUR,MAIN OFFICE,206 E WALNUT ST,WISE,DECATUR,TX,76234-9998,Owned,Post Office,Administrative Post Office (APO),1/1/2001,"8,280"
TEXAS 2,DEER PARK,MAIN OFFICE,200 E SAN AUGUSTINE ST,HARRIS,DEER PARK,TX,77536-9998,Owned,Post Office,Main Post Office,8/1/1994,"17,455"
TEXAS 3,DEL RIO,MAIN OFFICE,2001 N BEDELL AVE,VAL VERDE,DEL RIO,TX,78840-9998,Owned,Post Office,Main Post Office,1/1/1984,"12,044"
TEXAS 1,DENISON,MAIN OFFICE,231 W WOODARD ST,GRAYSON,DENISON,TX,75020-9998,Owned,Post Office,Main Post Office,4/1/1911,"33,752"
TEXAS 1,DENTON,MAIN OFFICE,101 E MCKINNEY ST,DENTON,DENTON,TX,76201-4255,Owned,Post Office,Main Post Office,2/1/1975,"88,788"
TEXAS 1,DENTON,MAIN OFFICE,101 E MCKINNEY ST,DENTON,DENTON,TX,76201-4255,Owned,Post Office,Sorting and Delivery Center (SDC),2/1/1975,"88,788"
TEXAS 1,DESOTO,MAIN OFFICE,229 S HAMPTON RD,DALLAS,DESOTO,TX,75115-9998,Owned,Post Office,Main Post Office,1/1/1975,"29,428"
TEXAS 3,DEVINE,MAIN OFFICE,111 W COLLEGE AVE,MEDINA,DEVINE,TX,78016-9998,Owned,Post Office,Administrative Post Office (APO),6/1/1960,"3,836"
TEXAS 1,DIBOLL,MAIN OFFICE,302 N HENDRIX AVE,ANGELINA,DIBOLL,TX,75941-9998,Owned,Post Office,Main Post Office,11/1/1962,"4,012"
TEXAS 2,DIMEBOX,MAIN OFFICE,1017 STEPHEN F AUSTIN BLVD,LEE,DIME BOX,TX,77853-5366,Owned,Post Office,Remotely Managed Post Office (RMPO),7/1/1968,996
TEXAS 3,DRIPPING SPRINGS,MAIN OFFICE,1450 W HIGHWAY 290,HAYS,DRIPPING SPRINGS,TX,78620-9998,Owned,Post Office,Main Post Office,10/1/2009,"10,087"
TEXAS 3,DUMAS,MAIN OFFICE,315 S BLISS AVE,MOORE,DUMAS,TX,79029-9998,Owned,Post Office,Administrative Post Office (APO),8/1/1979,"8,527"
TEXAS 1,DUNCANVILLE,MAIN OFFICE,711 S CEDAR RIDGE DR,DALLAS,DUNCANVILLE,TX,75137-9998,Owned,Post Office,Main Post Office,10/1/1985,"15,159"
TEXAS 3,EAGLE PASS,MAIN OFFICE,410 S BIBB AVE,MAVERICK,EAGLE PASS,TX,78852-9998,Owned,Post Office,Administrative Post Office (APO),11/1/2001,"23,017"
TEXAS 1,EASTLAND,MAIN OFFICE,411 W MAIN ST,EASTLAND,EASTLAND,TX,76448-9998,Owned,Post Office,Administrative Post Office (APO),6/1/1937,"7,885"
TEXAS 2,EDINBURG,MAIN OFFICE,410 S JACKSON RD,HIDALGO,EDINBURG,TX,78539-9998,Owned,Post Office,Administrative Post Office (APO),6/1/2000,"28,519"
TEXAS 2,EL CAMPO,MAIN OFFICE,110 S MECHANIC ST,WHARTON,EL CAMPO,TX,77437-9998,Owned,Post Office,Administrative Post Office (APO),6/1/1938,"12,975"
TEXAS 3,EL INDIO,MPO/MODULAR BLDG,18496 FM 1021,MAVERICK,EL INDIO,TX,78860-9800,Owned,Post Office,Remotely Managed Post Office (RMPO),2/1/1997,"1,472"
TEXAS 3,EL PASO,CORONADO STATION,7383 REMCON CIR,EL PASO,EL PASO,TX,79912-9998,Owned,Post Office,Station,8/1/1989,"32,433"
TEXAS 3,EL PASO,DOWNTOWN STATION,219 E MILLS AVE,EL PASO,EL PASO,TX,79901-9998,Owned,Post Office,Finance Station,6/1/1920,"31,498"
TEXAS 3,EL PASO,P&DC,8401 BOEING DR,EL PASO,EL PASO,TX,79910-9716,Owned,Post Office,Main Post Office,7/1/1997,"227,088"
TEXAS 3,EL PASO,P&DC,8401 BOEING DR,EL PASO,EL PASO,TX,79910-9716,Owned,Post Office,Station,7/1/1997,"227,088"
TEXAS 3,EL PASO,P&DC,8401 BOEING DR,EL PASO,EL PASO,TX,79910-9716,Owned,Mail Processing,Processing and Distribution Center/Facility (PDC/PDF),7/1/1997,"227,088"
TEXAS 3,EL PASO,P&DC,8401 BOEING DR,EL PASO,EL PASO,TX,79910-9716,Owned,Network Facilities,Logistics (LOG),7/1/1997,"227,088"
TEXAS 3,EL PASO,PEBBLE HILLS STATION,3100 N YARBROUGH DR,EL PASO,EL PASO,TX,79925-9998,Owned,Post Office,Station,8/1/1984,"22,751"
TEXAS 3,EL PASO,SANDY CREEK STATION,2100 GEORGE DIETER DR,EL PASO,EL PASO,TX,79936-9998,Owned,Post Office,Station,8/1/1999,"20,249"
TEXAS 3,EL PASO,SUNRISE STATION,4100 HERCULES AVE,EL PASO,EL PASO,TX,79904-9998,Owned,Post Office,Station,7/1/1985,"9,534"
TEXAS 3,EL PASO,VMF,8601 STINSON AVE,EL PASO,EL PASO,TX,79910-9721,Owned,Vehicle Maintenance,Vehicle Maintenance Facility (VMF),1/1/1975,"6,391"
TEXAS 3,EL PASO,VMF AT P&DC,8401 BOEING DR,EL PASO,EL PASO,TX,79910-9998,Owned,,,,"15,420"
TEXAS 3,EL PASO,YSLETA STATION,880 N ZARAGOZA RD,EL PASO,EL PASO,TX,79907-9998,Owned,Post Office,Station,6/1/2001,"19,988"
TEXAS 3,EL PASO WASHINGTON ,PARK STATION,4400 E PAISANO DR,EL PASO,EL PASO,TX,79905-9998,Owned,Post Office,Station,9/1/1997,"16,072"
TEXAS 1,ELECTRA,MAIN OFFICE,200 W CLEVELAND AVE,WICHITA,ELECTRA,TX,76360-9998,Owned,Post Office,Administrative Post Office (APO),6/1/1939,"8,380"
TEXAS 3,ELGIN,MAIN OFFICE,21 N AVENUE C,BASTROP,ELGIN,TX,78621-9998,Owned,Post Office,Administrative Post Office (APO),6/1/1939,"6,936"
TEXAS 2,ELSA,MPO ,706 E Edinburg Ave,HIDALGO,ELSA,TX,78543-9800,Owned,Post Office,Administrative Post Office (APO),1/1/1993,"3,936"
TEXAS 1,ENERGY,MAIN OFFICE MODULAR,6950 FM 1702 S,COMANCHE,ENERGY,TX,76452-9900,Owned,Post Office,Remotely Managed Post Office (RMPO),9/1/1997,736
TEXAS 1,ENNIS,MAIN OFFICE,205 N MCKINNEY ST,ELLIS,ENNIS,TX,75119-9998,Owned,Post Office,Administrative Post Office (APO),6/1/1916,"16,949"
TEXAS 1,ERA,MPO/MODULAR BLDG,7210 W FM 922,COOKE,ERA,TX,76238-9998,Owned,Post Office,Remotely Managed Post Office (RMPO),12/1/1996,736
TEXAS 3,ESTELLINE,MPO/MODULAR BLDG,710 CLEVELAND ST,HALL,ESTELLINE,TX,79233-9800,Owned,Post Office,Remotely Managed Post Office (RMPO),7/1/1995,"1,472"
TEXAS 1,EULESS,MAIN OFFICE,210 N ECTOR DR,TARRANT,EULESS,TX,76039-3651,Owned,Post Office,Main Post Office,11/1/1978,"12,647"
TEXAS 1,FARMERSVILLE,MAIN OFFICE,213 MCKINNEY ST,COLLIN,FARMERSVILLE,TX,75442-9998,Owned,Post Office,Administrative Post Office (APO),6/1/1939,"6,550"
TEXAS 3,FISCHER,MPO/MODULAR BLDG,4050 FM 484,COMAL,FISCHER,TX,78623-9998,Owned,Post Office,Remotely Managed Post Office (RMPO),11/1/1995,736
TEXAS 3,FLAT,MPO/MODULAR BLDG,10065 S STATE HIGHWAY 36,CORYELL,FLAT,TX,76526-9800,Owned,Post Office,Remotely Managed Post Office (RMPO),12/1/1996,701
TEXAS 3,FLORESVILLE,MAIN OFFICE,141 PALOMA DR,WILSON,FLORESVILLE,TX,78114-9998,Owned,Post Office,Main Post Office,12/5/2008,0
TEXAS 3,FLUVANNA,MAIN OFFICE,930 10TH ST,SCURRY,FLUVANNA,TX,79517-9998,Owned,,,5/1/1966,803
TEXAS 1,FORNEY,MAIN OFFICE,102 E BROAD ST,KAUFMAN,FORNEY,TX,75126-9998,Owned,Post Office,Main Post Office,3/1/2001,"17,617"
TEXAS 1,FORT WORTH,8TH AVENUE STATION,2600 8TH AVE,TARRANT,FORT WORTH,TX,76110-3051,Owned,Post Office,Station,3/1/1999,"22,199"
TEXAS 1,FORT WORTH,ARLINGTON HGTS,3101 W 6TH ST,TARRANT,FORT WORTH,TX,76107-2778,Owned,Post Office,Finance Station,9/27/2008,"5,007"
TEXAS 1,FORT WORTH,CITY VIEW STATION,7101 BRYANT IRVIN RD,TARRANT,FORT WORTH,TX,76132-4135,Owned,Post Office,Station,9/1/2001,"17,819"
TEXAS 1,FORT WORTH,DOWNTOWN STATION,251 W LANCASTER AVE,TARRANT,FORT WORTH,TX,76102-9997,Owned,Post Office,Station,7/1/1935,"206,856"
TEXAS 1,FORT WORTH,DOWNTOWN STATION,251 W LANCASTER AVE,TARRANT,FORT WORTH,TX,76102-9997,Owned,Administrative Office,Postal Inspection Service Field Division (USPIS),7/1/1935,"206,856"
TEXAS 1,FORT WORTH,GLENCREST STATION,5125 WICHITA ST,TARRANT,FORT WORTH,TX,76119-9998,Owned,Post Office,Station,4/1/1976,"12,179"
TEXAS 1,FORT WORTH,HALTOM CITY BRANCH,5709 BROADWAY AVE,TARRANT,HALTOM CITY,TX,76117-3325,Owned,Post Office,Branch,1/1/1976,"11,421"
TEXAS 1,FORT WORTH,JACK WATSON VMF,4600 MARK IV PKWY,TARRANT,FORT WORTH,TX,76161-9998,Owned,Vehicle Maintenance,Vehicle Maintenance Facility (VMF),8/1/1986,"15,756"
TEXAS 1,FORT WORTH,LAKE WORTH BRANCH,3930 TELEPHONE RD,TARRANT,FORT WORTH,TX,76135-9998,Owned,Post Office,Branch,12/1/1988,"11,463"
TEXAS 1,FORT WORTH,NO RICHLAND HILLS BR,6051 DAVIS BLVD,TARRANT,NORTH RICHLAND HILLS,TX,76180-6385,Owned,Post Office,Branch,9/1/1989,"26,302"
TEXAS 1,FORT WORTH,OAKS BRANCH,1008 ROBERTS CUT OFF RD,TARRANT,RIVER OAKS,TX,76114-9998,Owned,Post Office,Branch,12/1/1998,"8,019"
TEXAS 1,FORT WORTH,P&DC,4600 MARK IV PKWY,TARRANT,FORT WORTH,TX,76161-9997,Owned,Post Office,Main Post Office,8/1/1986,"470,161"
TEXAS 1,FORT WORTH,P&DC,4600 MARK IV PKWY,TARRANT,FORT WORTH,TX,76161-9997,Owned,Post Office,Finance Station,8/1/1986,"470,161"
TEXAS 1,FORT WORTH,P&DC,4600 MARK IV PKWY,TARRANT,FORT WORTH,TX,76161-9997,Owned,Mail Processing,Processing and Distribution Center/Facility (PDC/PDF),8/1/1986,"470,161"
TEXAS 1,FORT WORTH,P&DC,4600 MARK IV PKWY,TARRANT,FORT WORTH,TX,76161-9997,Owned,Network Facilities,Logistics (LOG),8/1/1986,"470,161"
TEXAS 1,FORT WORTH,POLYTEC STATION,4650 E ROSEDALE ST,TARRANT,FORT WORTH,TX,76105-1800,Owned,Post Office,Station,2/1/1981,"19,382"
TEXAS 1,FORT WORTH,POLYTECH STATION STORAGE,4650 E ROSEDALE ST,TARRANT,FORT WORTH,TX,76105-9998,Owned,,,2/1/1981,"3,000"
TEXAS 1,FORT WORTH,RIDGLEA STATION,3020 CHERRY LN,TARRANT,FORT WORTH,TX,76116-3944,Owned,Post Office,Station,9/1/1987,"19,016"
TEXAS 1,FORT WORTH,SEMINARY HILL STA,1001 ALTAMESA BLVD,TARRANT,FORT WORTH,TX,76134-3411,Owned,Post Office,Station,5/1/2001,"16,206"
TEXAS 1,FORT WORTH,TRINITY RIVER STATION,4450 OAK PARK LN,TARRANT,FORT WORTH,TX,76109-9998,Owned,Post Office,Station,8/1/1987,"23,477"
TEXAS 1,FORT WORTH,WEDGEWOOD STATION STORAGE,3701 ALTAMESA BLVD,TARRANT,FORT WORTH,TX,76161-9341,Owned,,,3/1/1984,"4,800"
TEXAS 1,FORT WORTH,WEDGWOOD STATION,3701 ALTAMESA BLVD,TARRANT,FORT WORTH,TX,76133-5649,Owned,Post Office,Station,3/1/1984,"17,024"
TEXAS 1,FORT WORTH,WHITE SETTLEMENT BR,301 N LAS VEGAS TRL,TARRANT,FORT WORTH,TX,76108-1500,Owned,Post Office,Branch,8/1/1988,"18,233"
TEXAS 2,FRANCITAS,MPO/MODULAR BLDG,66 BRYAN ST,JACKSON,FRANCITAS,TX,77961-9800,Owned,Post Office,Remotely Managed Post Office (RMPO),1/1/1997,736
TEXAS 2,FRED,MAIN OFFICE,20239 FM 92 S,TYLER,FRED,TX,77616-0017,Owned,Post Office,Remotely Managed Post Office (RMPO),9/1/1979,"1,400"
TEXAS 3,FREDERICKSBURG,MAIN OFFICE,1150 N US HIGHWAY 87,GILLESPIE,FREDERICKSBURG,TX,78624-9998,Owned,Post Office,Administrative Post Office (APO),6/1/1999,"22,504"
TEXAS 2,FREEPORT,MAIN OFFICE,924 N AVENUE F,BRAZORIA,FREEPORT,TX,77541-9998,Owned,Post Office,Main Post Office,5/5/2008,"8,995"
TEXAS 2,FRESNO,MAIN OFFICE,4725 TEAL BEND BLVD,FORT BEND,FRESNO,TX,77545-9998,Owned,Post Office,Main Post Office,9/1/2009,"6,309"
TEXAS 2,FRIENDSWOOD,MAIN OFFICE,310 MORNINGSIDE DR,GALVESTON,FRIENDSWOOD,TX,77546-9998,Owned,Post Office,Main Post Office,9/1/1981,"12,016"
TEXAS 1,FRISCO,EAST FRISCO CARRIER ANNEX,12580 ROLATER RD,COLLIN,FRISCO,TX,75035-9997,Owned,Post Office,Carrier Annex (ANX),,"9,649"
TEXAS 1,FRISCO,MAIN OFFICE,8700 STONEBROOK PKWY,COLLIN,FRISCO,TX,75034-9998,Owned,Post Office,Main Post Office,7/1/1996,"19,193"
TEXAS 1,GAINESVILLE,MAIN OFFICE,321 E CALIFORNIA ST,COOKE,GAINESVILLE,TX,76240-9998,Owned,Post Office,Main Post Office,3/1/1959,"23,736"
TEXAS 2,GALVESTON,BOB LYONS STA,5826 BROADWAY ST,GALVESTON,GALVESTON,TX,77551-9998,Owned,Post Office,Station,11/1/1996,"21,613"
TEXAS 1,GARLAND,DALLAS AUX VMF,936 W WALNUT ST,DALLAS,GARLAND,TX,75040-9996,Owned,Vehicle Maintenance,Vehicle Maintenance Facility (VMF),11/1/1987,"11,921"
TEXAS 1,GARLAND,MAIN OFFICE,1000 W WALNUT ST,DALLAS,GARLAND,TX,75040-9998,Owned,Post Office,Main Post Office,6/1/1976,"37,085"
TEXAS 1,GARLAND,NORTH STATION,2346 BELT LINE RD,DALLAS,GARLAND,TX,75044-9998,Owned,Post Office,Station,9/1/1988,"25,387"
TEXAS 1,GARLAND,SOUTH STATION,501 E OATES RD,DALLAS,GARLAND,TX,75043-9998,Owned,Post Office,Station,11/1/1988,"24,374"
TEXAS 1,GARLAND,SOUTH STATION,501 E OATES RD,DALLAS,GARLAND,TX,75043-9998,Owned,Post Office,Carrier Annex (ANX),11/1/1988,"24,374"
TEXAS 3,GATESVILLE,MAIN OFFICE,802 E LEON ST,CORYELL,GATESVILLE,TX,76528-9998,Owned,Post Office,Administrative Post Office (APO),4/1/1937,"9,567"
TEXAS 3,GEORGETOWN,MAIN OFFICE,2300 SCENIC DR,WILLIAMSON,GEORGETOWN,TX,78626-9998,Owned,Post Office,Administrative Post Office (APO),2/1/1989,"25,889"
TEXAS 3,GIDDINGS,MAIN OFFICE,279 E AUSTIN ST,LEE,GIDDINGS,TX,78942-9998,Owned,Post Office,Administrative Post Office (APO),6/1/1938,"6,297"
TEXAS 1,GILMER,MAIN OFFICE,405 N CYPRESS ST,UPSHUR,GILMER,TX,75644-9998,Owned,Post Office,Main Post Office,9/1/1991,"15,171"
TEXAS 3,GIRARD,MPO/MODULAR BLDG,1485 STATE HIGHWAY 70,KENT,GIRARD,TX,79518-9998,Owned,Post Office,Part Time Post Office (PTPO),6/1/2000,750
TEXAS 1,GLADEWATER,MAIN OFFICE,101 N DEAN ST,GREGG,GLADEWATER,TX,75647-9998,Owned,Post Office,Main Post Office,6/1/1941,"9,432"
TEXAS 1,GOBER,MPO/MODULAR BLDG,4672 FM 68,FANNIN,GOBER,TX,75443-9998,Owned,Post Office,Remotely Managed Post Office (RMPO),12/1/1997,720
TEXAS 1,GODLEY,MAIN OFFICE,100 S MAIN ST,JOHNSON,GODLEY,TX,76044-9998,Owned,Post Office,Main Post Office,5/1/1961,"1,902"
TEXAS 3,GONZALES,MAIN OFFICE,920 N SAINT JOSEPH ST STE 105,GONZALES,GONZALES,TX,78629-9998,Owned,Post Office,Administrative Post Office (APO),7/1/1987,"11,288"
TEXAS 1,GRAHAM,MAIN OFFICE,100 TENNESSEE ST,YOUNG,GRAHAM,TX,76450-2243,Owned,Post Office,Administrative Post Office (APO),7/1/1993,"17,074"
TEXAS 1,GRANBURY,ACTON BRANCH,5561 N GATE RD,HOOD,GRANBURY,TX,76049-9998,Owned,Post Office,Branch,10/1/1997,"17,116"
TEXAS 1,GRANBURY,MAIN OFFICE,530 N CROCKETT ST,HOOD,GRANBURY,TX,76048-9998,Owned,Post Office,Administrative Post Office (APO),4/1/1982,"8,048"
TEXAS 1,GRAND PRAIRIE,MAIN OFFICE,802 S CARRIER PKWY,DALLAS,GRAND PRAIRIE,TX,75051-9998,Owned,Post Office,Main Post Office,9/1/1977,"26,924"
TEXAS 1,GRAND PRAIRIE,WESTCHESTER STATION,765 W WESTCHESTER PKWY,DALLAS,GRAND PRAIRIE,TX,75052-9998,Owned,Post Office,Station,6/1/1990,"25,279"
TEXAS 1,GRAPEVINE,MAIN OFFICE,1251 WILLIAM D TATE AVE,TARRANT,GRAPEVINE,TX,76051-9998,Owned,Post Office,Main Post Office,5/1/1985,"15,223"
TEXAS 1,GRAPEVINE,SOUTHLAKE BRANCH,300 STATE ST,TARRANT,SOUTHLAKE,TX,76092-9998,Owned,Post Office,Branch,11/1/2000,"20,700"
TEXAS 1,GREENVILLE,CARRIER ANNEX,3701 STANFORD ST,HUNT,GREENVILLE,TX,75401-9997,Owned,Post Office,Main Post Office,8/27/2005,"26,735"
TEXAS 1,GREENVILLE TX,MAIN OFFICE RETAIL UNIT,2600 WESLEY ST,HUNT,GREENVILLE,TX,75401-9994,Owned,Post Office,Finance Station - No Delivery,8/13/2009,"4,527"
TEXAS 1,GROESBECK,MAIN OFFICE,112 S DR J B RIGGS DR,LIMESTONE,GROESBECK,TX,76642-9998,Owned,Post Office,Administrative Post Office (APO),6/1/1938,"6,600"
TEXAS 3,HAMILTON,MAIN OFFICE,120 S RICE ST,HAMILTON,HAMILTON,TX,76531-9998,Owned,Post Office,Administrative Post Office (APO),6/1/1940,"7,568"
TEXAS 2,HAMSHIRE,MAIN OFFICE,25142 HIGHWAY 124,JEFFERSON,HAMSHIRE,TX,77622-0015,Owned,Post Office,Main Post Office,5/1/1981,"1,034"
TEXAS 2,HARLINGEN,MAIN OFFICE,1502 NEW COMBES HWY,CAMERON,HARLINGEN,TX,78550-9998,Owned,Post Office,Main Post Office,1/1/1993,"31,706"
TEXAS 3,HASKELL,MAIN OFFICE,201 S 1ST ST,HASKELL,HASKELL,TX,79521-5940,Owned,Post Office,Main Post Office,2/1/1985,"5,389"
TEXAS 3,HEIDENHEIMER,MPO/MODULAR BLDG,5720 E US HIGHWAY 190,BELL,HEIDENHEIMER,TX,76533-9800,Owned,Post Office,Remotely Managed Post Office (RMPO),7/1/1995,874
TEXAS 3,HELOTES,MAIN OFFICE,12790 FM 1560 N,BEXAR,Helotes,TX,78023-9998,Owned,Post Office,Main Post Office,6/1/1997,"6,297"
TEXAS 1,HENDERSON,MAIN OFFICE,505 S MAIN ST,RUSK,HENDERSON,TX,75654-9998,Owned,Post Office,Administrative Post Office (APO),10/1/1978,"13,229"
TEXAS 3,HEREFORD,MAIN OFFICE,408 MAIN ST,DEAF SMITH,HEREFORD,TX,79045-9998,Owned,Post Office,Administrative Post Office (APO),6/1/1940,"14,420"
TEXAS 1,HEWITT ,MAIN OFFICE,901 S HEWITT DR,MCLENNAN,HEWITT,TX,76643-9998,Owned,Post Office,Main Post Office,6/10/1999,"8,317"
TEXAS 2,HIGH ISLAND,MAIN OFFICE,2008 S 5TH ST,GALVESTON,HIGH ISLAND,TX,77623-0135,Owned,Post Office,Remotely Managed Post Office (RMPO),7/1/1981,"1,034"
TEXAS 2,HIGHLANDS,MAIN OFFICE,608 S MAIN ST,HARRIS,HIGHLANDS,TX,77562-9998,Owned,Post Office,Main Post Office,3/1/1971,"5,400"
TEXAS 2,HILLISTER,MAIN OFFICE,283 FM 1013 RD,TYLER,HILLISTER,TX,77624-0001,Owned,Post Office,Remotely Managed Post Office (RMPO),4/1/1994,864
TEXAS 2,HITCHCOCK,MAIN OFFICE,8210 HIGHWAY 6,GALVESTON,HITCHCOCK,TX,77563-9998,Owned,Post Office,Main Post Office,9/1/1997,"5,281"
TEXAS 1,HONEY GROVE,MAIN OFFICE,100 E MAIN ST,FANNIN,HONEY GROVE,TX,75446-9998,Owned,Post Office,Administrative Post Office (APO),6/1/1920,"4,577"
TEXAS 2,Houston,Debora Sue Schatz Sta,2909 ROGERDALE RD,HARRIS,HOUSTON,TX,77042-9998,Owned,Post Office,Station,9/1/1972,"28,730"
TEXAS 2,HOUSTON,ALBERT THOMAS STATION,14917 EL CAMINO REAL,HARRIS,HOUSTON,TX,77062-9998,Owned,Post Office,Station,11/1/1985,"19,305"
TEXAS 2,HOUSTON,ALMEDA STATION,3030 W FUQUA ST,HARRIS,HOUSTON,TX,77045-9998,Owned,Post Office,Station,4/1/1987,"26,062"
TEXAS 2,HOUSTON,ASHFORD WEST STATION,12655 WHITTINGTON DR,HARRIS,HOUSTON,TX,77077-9998,Owned,Post Office,Station,11/1/1985,"22,302"
TEXAS 2,HOUSTON,ASTRODOME STA EXP,8205 BRAESMAIN DR,HARRIS,HOUSTON,TX,77025-9998,Owned,Post Office,Station,11/1/1966,"8,920"
TEXAS 2,HOUSTON,BEAR CREEK STATION,16015 CAIRNWAY DR,HARRIS,HOUSTON,TX,77084-9998,Owned,Post Office,Station,9/1/1987,"21,966"
TEXAS 2,HOUSTON,BEARCREEK VMF,16015 CAIRNWAY DR,HARRIS,HOUSTON,TX,77084-9995,Owned,Vehicle Maintenance,Vehicle Maintenance Facility (VMF),9/1/1987,"8,992"
TEXAS 2,HOUSTON,BEECHNUT STATION,11703 BEECHNUT ST,HARRIS,HOUSTON,TX,77072-9998,Owned,Post Office,Station,11/1/1981,"23,962"
TEXAS 2,HOUSTON,BROADWAY STATION,4020 BROADWAY ST,HARRIS,HOUSTON,TX,77087-4704,Owned,Post Office,Finance Station,9/1/1983,"7,548"
TEXAS 2,HOUSTON,CENTRAL VMF,2801 WASHINGTON AVE,HARRIS,HOUSTON,TX,77007-6025,Owned,Vehicle Maintenance,Vehicle Maintenance Facility (VMF),2/1/1980,0
TEXAS 2,HOUSTON,COPPERFIELD CARRIER ANNEX,8825 HIGHWAY 6 N,HARRIS,HOUSTON,TX,77095-9998,Owned,Post Office,Carrier Annex (ANX),2/28/2005,"15,078"
TEXAS 2,HOUSTON,CORNERSTONE STATION,14403 WALTERS RD,HARRIS,HOUSTON,TX,77014-9998,Owned,Post Office,Station,6/1/1992,"26,914"
TEXAS 2,HOUSTON,DE MOSS STATION,6500 DE MOSS DR,HARRIS,HOUSTON,TX,77074-9998,Owned,Post Office,Station,2/1/1982,"32,010"
TEXAS 2,HOUSTON,DENVER HARBOR STN,5901 MARKET ST,HARRIS,HOUSTON,TX,77020-9998,Owned,Post Office,Station,7/1/1972,"9,243"
TEXAS 2,HOUSTON,EASTWOOD STATION,5415 LAWNDALE ST,HARRIS,HOUSTON,TX,77023-9998,Owned,Post Office,Station,10/1/1985,"20,374"
TEXAS 2,HOUSTON,FAIRBANKS STATION,7050 BROOKHOLLOW WEST DR,HARRIS,HOUSTON,TX,77040-9998,Owned,Post Office,Station,7/1/1995,"30,851"
TEXAS 2,HOUSTON,FLEETWOOD STATION,315 ADDICKS HOWELL RD,HARRIS,HOUSTON,TX,77079-9998,Owned,Post Office,Station,4/1/1998,"28,760"
TEXAS 2,HOUSTON,GENOA STATION,10935 ALMEDA GENOA RD,HARRIS,HOUSTON,TX,77034-9998,Owned,Post Office,Finance Station,3/1/1969,"7,648"
TEXAS 2,HOUSTON,GRANVILLE W ELDER STA,550 MAXEY RD,HARRIS,HOUSTON,TX,77013-9998,Owned,Post Office,Station,1/1/1979,"19,738"
TEXAS 2,HOUSTON,GREENBRIAR STATION,3740 GREENBRIAR DR,HARRIS,HOUSTON,TX,77098-9998,Owned,Post Office,Station,12/1/1986,"13,271"
TEXAS 2,HOUSTON,GREENS NORTH STATION,1530 GREENSMARK DR,HARRIS,HOUSTON,TX,77067-9998,Owned,Post Office,Station,11/1/1985,"28,206"
TEXAS 2,HOUSTON,GREENS NORTH VMF,1530 GREENSMARK DR BLDG A,HARRIS,HOUSTON,TX,77067-9995,Owned,Vehicle Maintenance,Vehicle Maintenance Facility (VMF),2/1/1986,0
TEXAS 2,HOUSTON,JAMES S GRIFFITH STA,9320 EMNORA LN,HARRIS,HOUSTON,TX,77080-9998,Owned,Post Office,Station,5/1/1984,"33,774"
TEXAS 2,HOUSTON,JOHN DUNLOP STATION,8728 BEVERLYHILL ST,HARRIS,HOUSTON,TX,77063-9998,Owned,Post Office,Station,1/1/1987,"21,135"
TEXAS 2,HOUSTON,JULIUS MELCHER STA,2802 TIMMONS LN,HARRIS,HOUSTON,TX,77027-9998,Owned,Post Office,Station,10/1/1971,"14,258"
TEXAS 2,HOUSTON,LONG POINT STATION,8000 LONG POINT RD,HARRIS,HOUSTON,TX,77055-9998,Owned,Post Office,Station,10/1/2000,"21,811"
TEXAS 2,HOUSTON,MAIN OFFICE,1500 HADLEY ST,HOUSTON,HOUSTON,TX,77002-9998,Owned,Post Office,Carrier Annex (ANX),5/1/1998,"25,206"
TEXAS 2,HOUSTON,MARTIN LUTHER KING ST,9444 CULLEN BLVD,HARRIS,HOUSTON,TX,77051-9998,Owned,Post Office,Station,8/1/1986,"17,350"
TEXAS 2,HOUSTON,MEDICAL CENTER STA,7205 ALMEDA RD,HARRIS,HOUSTON,TX,77054-9998,Owned,Post Office,Station,8/1/1985,"12,945"
TEXAS 2,HOUSTON,MEMORIAL PARK STA,10505 TOWN AND COUNTRY WAY,HARRIS,HOUSTON,TX,77024-9998,Owned,Post Office,Station,10/1/1978,"26,397"
TEXAS 2,HOUSTON,N HOUSTON TX RPDC,4600 ALDINE BENDER RD,HARRIS,NORTH HOUSTON,TX,77315-9900,Owned,Post Office,Main Post Office,10/1/1990,"842,119"
TEXAS 2,HOUSTON,N HOUSTON TX RPDC,4600 ALDINE BENDER RD,HARRIS,NORTH HOUSTON,TX,77315-9900,Owned,Administrative Office,Postal Inspection Service Field Division (USPIS),10/1/1990,"842,119"
TEXAS 2,HOUSTON,N HOUSTON TX RPDC,4600 ALDINE BENDER RD,HARRIS,NORTH HOUSTON,TX,77315-9900,Owned,Network Facilities,Regional Processing and Distribution Center (RPDC),10/1/1990,"842,119"
TEXAS 2,HOUSTON,N HOUSTON TX RPDC,4600 ALDINE BENDER RD,HARRIS,NORTH HOUSTON,TX,77315-9900,Owned,Administrative Office,District Administrative Office (DM),10/1/1990,"842,119"
TEXAS 2,HOUSTON,N HOUSTON TX RPDC,4600 ALDINE BENDER RD,HARRIS,NORTH HOUSTON,TX,77315-9900,Owned,Administrative Office,Office of the Inspector General Office (OIG),10/1/1990,"842,119"
TEXAS 2,HOUSTON,N HOUSTON TX RPDC,4600 ALDINE BENDER RD,HARRIS,NORTH HOUSTON,TX,77315-9900,Owned,Network Facilities,Logistics (LOG),10/1/1990,"842,119"
TEXAS 2,HOUSTON,N HOUSTON TX RPDC,4600 ALDINE BENDER RD,HARRIS,NORTH HOUSTON,TX,77315-9900,Owned,Mail Processing,Local Processing Center (LPC_NO),10/1/1990,"842,119"
TEXAS 2,HOUSTON,N SHEPHERD STATION,7511 N SHEPHERD DR,HARRIS,HOUSTON,TX,77088-9998,Owned,Post Office,Station,8/1/1972,"36,464"
TEXAS 2,HOUSTON,OAK FOREST STATION,2499 JUDIWAY ST,HARRIS,HOUSTON,TX,77018-9998,Owned,Post Office,Station,8/1/1984,"22,449"
TEXAS 2,HOUSTON,PARK PLACE STATION,5302 GALVESTON RD,HARRIS,HOUSTON,TX,77017-9998,Owned,Post Office,Station,2/1/1976,"19,627"
TEXAS 2,HOUSTON,PARK PLACE VMF,5302 GALVESTON RD,HARRIS,HOUSTON,TX,77017-9995,Owned,Vehicle Maintenance,Vehicle Maintenance Facility (VMF),8/1/1977,"12,123"
TEXAS 2,HOUSTON,RICH HILL STATION,2950 UNITY DR,HARRIS,HOUSTON,TX,77057-9998,Owned,Post Office,Station,11/1/1986,"22,584"
TEXAS 2,HOUSTON,RIVER OAKS STATION,1900 W GRAY ST,HARRIS,HOUSTON,TX,77019-9998,Owned,Post Office,Station,10/1/1987,"14,870"
TEXAS 2,HOUSTON,ROY ROYALL STATION,4206 LITTLE YORK RD,HARRIS,HOUSTON,TX,77016-9998,Owned,Post Office,Station,10/1/1975,"17,389"
TEXAS 2,HOUSTON,SOUTHMORE STATION,4110 ALMEDA RD,HARRIS,HOUSTON,TX,77004-9998,Owned,Post Office,Station,6/22/2001,"16,571"
TEXAS 2,HOUSTON,T W HOUSE,1300 W 19TH ST,HARRIS,HOUSTON,TX,77008-9998,Owned,Post Office,Station,4/1/1981,"31,287"
TEXAS 2,HOUSTON,UNIVERSITY STATION,1319 RICHMOND AVE,HARRIS,HOUSTON,TX,77006-9998,Owned,Post Office,Station,1/1/2000,"18,966"
TEXAS 2,HOUSTON,WESTBRAE STATION,10910 S GESSNER RD,HARRIS,HOUSTON,TX,77071-9998,Owned,Post Office,Station,7/1/1987,"19,486"
TEXAS 2,HOUSTON,WESTBURY PLACE STATION,11805 CHIMNEY ROCK RD,HARRIS,HOUSTON,TX,77035-9998,Owned,Post Office,Station,1/1/2001,"22,009"
TEXAS 2,HOUSTON,WESTFIELD STATION,17119 RED OAK DR,HARRIS,HOUSTON,TX,77090-9998,Owned,Post Office,Station,10/1/1978,"11,502"
TEXAS 2,HOUSTON,WILLIAM RICE,5201 WAKEFOREST ST,HARRIS,HOUSTON,TX,77005-9998,Owned,Post Office,Carrier Annex (ANX),6/1/1987,"84,000"
TEXAS 2,HOUSTON,WILLIAM RICE,5201 WAKEFOREST ST,HARRIS,HOUSTON,TX,77005-9998,Owned,Other Customer Service,Computerized Forwarding System (CFS),6/1/1987,"84,000"
TEXAS 2,HOUSTON,WILLOW PLACE BRANCH,12955 WILLOW PLACE DR W,HARRIS,HOUSTON,TX,77070-9998,Owned,Post Office,Station,1/1/1985,"21,596"
TEXAS 2,HOUSTON,WINDMILL STATION,9898 ALMEDA GENOA RD,HARRIS,HOUSTON,TX,77075-9998,Owned,Post Office,Station,7/1/1987,"26,209"
TEXAS 1,HOWE,MAIN OFFICE,101 W HANING ST,GRAYSON,HOWE,TX,75459-9998,Owned,Post Office,Main Post Office,1/1/1979,"2,784"
TEXAS 2,HUFFMAN,MAIN OFFICE,24936 FM 2100 RD,HARRIS,HUFFMAN,TX,77336-9998,Owned,Post Office,Main Post Office,10/1/1987,"9,870"
TEXAS 2,HUMBLE,KINGWOOD BRANCH,4025 FEATHER LAKES WAY,HARRIS,KINGWOOD,TX,77339-9998,Owned,Post Office,Branch,3/1/2000,"29,709"
TEXAS 2,HUMBLE,MAIN OFFICE,1202 1ST ST E,HARRIS,HUMBLE,TX,77338-5930,Owned,Post Office,Main Post Office,5/1/1981,"29,189"
TEXAS 2,HUNTSVILLE,MAIN OFFICE,3190 HIGHWAY 30 W,WALKER,HUNTSVILLE,TX,77340-9998,Owned,Post Office,Main Post Office,11/1/2000,"21,701"
TEXAS 2,HUNTSVILLE,RETAIL / FINANCE UNIT,1315 10TH ST,WALKER,HUNTSVILLE,TX,77320-9998,Owned,Post Office,Finance Station,1/1/1975,"13,125"
TEXAS 1,HURST,NORTH STATION,777 CANNON DR,TARRANT,HURST,TX,76054-3174,Owned,Post Office,Station,3/1/2001,"10,292"
TEXAS 3,INGRAM,MAIN OFFICE,3190 JUNCTION HWY,KERR,INGRAM,TX,78025-9998,Owned,Post Office,Administrative Post Office (APO),7/1/1978,"2,781"
TEXAS 3,INGRAM,MAIN OFFICE,3190 JUNCTION HWY,KERR,INGRAM,TX,78025-9998,Owned,Post Office,Carrier Section (SEC),7/1/1978,"2,781"
TEXAS 1,IRVING,CENTRAL STATION,2300 STORY RD W,DALLAS,IRVING,TX,75038-9998,Owned,Post Office,Station,1/1/1987,"18,602"
TEXAS 1,IRVING,LAS COLINAS FINANCE STA,3900 TELEPORT BLVD,DALLAS,IRVING,TX,75039-9998,Owned,Post Office,Finance Station,3/1/1984,"4,515"
TEXAS 1,IRVING,VALLEY RANCH,8501 N MACARTHUR BLVD,DALLAS,IRVING,TX,75063-9998,Owned,Post Office,Station,2/1/2002,"22,349"
TEXAS 1,JACKSONVILLE,MAIN OFFICE,400 W RUSK ST,CHEROKEE,JACKSONVILLE,TX,75766-9998,Owned,Post Office,Administrative Post Office (APO),2/1/2000,"23,036"
TEXAS 3,JARRELL,MAIN POST OFFICE,12355 N INTERSTATE 35,WILLIAMSON,JARRELL,TX,76537-9998,Owned,Post Office,Administrative Post Office (APO),3/1/2000,"2,955"
TEXAS 1,JASPER,MAIN OFFICE,215 N BOWIE ST,JASPER,JASPER,TX,75951-9998,Owned,Post Office,Main Post Office,3/1/1988,"17,784"
TEXAS 3,JOHNSON CITY,MAIN OFFICE,201 S AVENUE G,BLANCO,JOHNSON CITY,TX,78636-9998,Owned,Post Office,Administrative Post Office (APO),2/1/1982,"5,518"
TEXAS 1,JOSHUA,MAIN OFFICE,306 N BROADWAY ST,JOHNSON,JOSHUA,TX,76058-3075,Owned,Post Office,Main Post Office,8/1/1999,"6,479"
TEXAS 2,KATY,CARRIER ANNEX,1331 PIN OAK RD,HARRIS,KATY,TX,77494-9998,Owned,Post Office,Carrier Annex (ANX),,"16,132"
TEXAS 2,KATY,PARK ROW BRANCH,20180 PARK ROW DR,HARRIS,KATY,TX,77449-9998,Owned,Post Office,Main Post Office,11/1/1985,"24,169"
TEXAS 1,KAUFMAN,MAIN OFFICE,2231 S WASHINGTON ST,KAUFMAN,KAUFMAN,TX,75142-9998,Owned,Post Office,Main Post Office,2/1/2001,"10,421"
TEXAS 1,KELLER,MAIN OFFICE,520 E VINE ST,TARRANT,KELLER,TX,76248-2300,Owned,Post Office,Main Post Office,4/1/1988,"25,746"
TEXAS 3,KENEDY,MAIN OFFICE,223 S 2ND ST,KARNES,KENEDY,TX,78119-9998,Owned,Post Office,Administrative Post Office (APO),6/1/1937,"6,587"
TEXAS 3,KERRVILLE,MAIN OFFICE,244 CULLY DR,KERR,KERRVILLE,TX,78028-5950,Owned,Post Office,Main Post Office,11/1/1999,"26,860"
TEXAS 1,KILDARE,MPO/MODULAR BLDG,1315 COUNTY ROAD 1894,CASS,KILDARE,TX,75562-9998,Owned,Post Office,Remotely Managed Post Office (RMPO),6/1/1998,736
TEXAS 1,KILGORE,MAIN OFFICE,500 N KILGORE ST,GREGG,KILGORE,TX,75662-9998,Owned,Post Office,Administrative Post Office (APO),12/1/1998,"18,816"
TEXAS 3,KILLEEN,COPPER MOUNTAIN STA,3100 S W S YOUNG DR,BELL,KILLEEN,TX,76542-9998,Owned,Post Office,Station,11/1/1987,"18,377"
TEXAS 3,KILLEEN,MAIN OFFICE,300 N 10TH ST,BELL,KILLEEN,TX,76541-9998,Owned,Post Office,Main Post Office,7/1/1968,"21,093"
TEXAS 3,KINGSBURY,MO/MODULAR BLDG,10055 E HIGHWAY 90,GUADALUPE,KINGSBURY,TX,78638-9998,Owned,Post Office,Remotely Managed Post Office (RMPO),9/1/1995,874
TEXAS 2,KINGSVILLE,MAIN OFFICE,103 E KLEBERG AVE,KLEBERG,KINGSVILLE,TX,78363-4502,Owned,Post Office,Administrative Post Office (APO),6/1/1936,"19,037"
TEXAS 2,KINGSVILLE,MAIN OFFICE,103 E KLEBERG AVE,KLEBERG,KINGSVILLE,TX,78363-4502,Owned,Post Office,Detached Box Unit,6/1/1936,"19,037"
TEXAS 3,KNOTT,MPO/MODULAR BLDG,5900 W FM 846,HOWARD,KNOTT,TX,79748-9998,Owned,Post Office,Remotely Managed Post Office (RMPO),11/1/1996,736
TEXAS 3,LA GRANGE,MAIN OFFICE,113 E COLORADO ST,FAYETTE,LA GRANGE,TX,78945-9998,Owned,Post Office,Administrative Post Office (APO),6/1/1937,"8,934"
TEXAS 2,LA MARQUE,MAIN OFFICE,509 LAUREL ST,GALVESTON,LA MARQUE,TX,77568-9998,Owned,Post Office,Main Post Office,7/1/1969,"8,116"
TEXAS 2,LA PORTE,MAIN OFFICE,801 W FAIRMONT PKWY,HARRIS,LA PORTE,TX,77571-9998,Owned,Post Office,Main Post Office,4/1/1988,"23,671"
TEXAS 2,LAKE JACKSON,MAIN OFFICE,210 OAK DR S,BRAZORIA,LAKE JACKSON,TX,77566-9998,Owned,Post Office,Main Post Office,2/1/2000,"18,627"
TEXAS 3,LAMESA,MAIN OFFICE,202 N AVENUE G,DAWSON,LAMESA,TX,79331-9998,Owned,Post Office,Administrative Post Office (APO),11/1/1969,"11,867"
TEXAS 3,LAREDO,DEL MAR STATION,2395 E DEL MAR BLVD,WEBB,LAREDO,TX,78045-9998,Owned,Post Office,Station,2/1/2001,"24,181"
TEXAS 3,LAREDO,MAIN OFFICE,2700 E SAUNDERS ST,WEBB,LAREDO,TX,78041-9998,Owned,Post Office,Main Post Office,9/1/1976,"38,442"
TEXAS 3,LAREDO,VMF,2700 E SAUNDERS ST,WEBB,LAREDO,TX,78041-9998,Owned,,,9/1/1976,"2,107"
TEXAS 2,LASALLE,MO/MODULAR BLDG,1999 FM 616,JACKSON,LA SALLE,TX,77969-9800,Owned,Post Office,Remotely Managed Post Office (RMPO),5/1/1996,736
TEXAS 2,LASARA,MO/MODULAR BLDG,12056 FM 1015,WILLACY,LASARA,TX,78561-9800,Owned,Post Office,Remotely Managed Post Office (RMPO),1/1/1996,736
TEXAS 2,LEAGUE CITY,MAIN OFFICE,240 W GALVESTON ST,GALVESTON,LEAGUE CITY,TX,77573-9998,Owned,Post Office,Main Post Office,2/1/1989,"20,545"
TEXAS 3,LEANDER,MAIN OFFICE,801 S HIGHWAY 183,WILLIAMSON,LEANDER,TX,78641-9998,Owned,Post Office,Main Post Office,7/1/1988,"15,088"
TEXAS 3,LEDBETTER,MPO/MODULAR BLDG.,104 CHAPPEL ST,FAYETTE,LEDBETTER,TX,78946-9998,Owned,Post Office,Remotely Managed Post Office (RMPO),,932
TEXAS 3,LEESVILLE,MO/MODULAR BLDG,9606 N STATE HIGHWAY 80,GONZALES,LEESVILLE,TX,78122-9998,Owned,Post Office,Remotely Managed Post Office (RMPO),2/1/1996,796
TEXAS 1,LEONA,MO/MODULAR BLDG,143 N LEONA BLVD,LEON,LEONA,TX,75850-9998,Owned,Post Office,Remotely Managed Post Office (RMPO),3/1/1999,700
TEXAS 3,LEVELLAND,MAIN OFFICE,712 AVENUE G,HOCKLEY,LEVELLAND,TX,79336-4515,Owned,Post Office,Administrative Post Office (APO),12/1/1961,"7,111"
TEXAS 1,LEWISVILLE,FLOWER MOUND BRANCH,2300 OLYMPIA DR,DENTON,FLOWER MOUND,TX,75028-9998,Owned,Post Office,Branch,7/1/1996,"39,768"
TEXAS 1,LEWISVILLE,MAIN OFFICE,194 CIVIC CIR,DENTON,LEWISVILLE,TX,75067-9998,Owned,Post Office,Main Post Office,2/1/1987,"31,993"
TEXAS 1,LEWISVILLE,THE COLONY BRANCH,5200 S COLONY BLVD,DENTON,THE COLONY,TX,75056-9998,Owned,Post Office,Finance Branch,4/1/1986,"8,453"
TEXAS 2,LIBERTY,MAIN OFFICE,1515 SAM HOUSTON ST,LIBERTY,LIBERTY,TX,77575-9998,Owned,Post Office,Administrative Post Office (APO),4/1/1987,"14,386"
TEXAS 1,LINDEN,MAIN OFFICE,200 E RUSH ST,CASS,LINDEN,TX,75563-9998,Owned,Post Office,Administrative Post Office (APO),6/1/1938,"5,788"
TEXAS 2,LISSIE,MPO/MODULAR BLDG,213 RAYMOND AVE,WHARTON,LISSIE,TX,77454-9800,Owned,Post Office,Remotely Managed Post Office (RMPO),7/1/1998,736
TEXAS 1,LITTLE ELM,MAIN OFFICE,1012 W ELDORADO PKWY,DENTON,LITTLE ELM,TX,75068-9998,Owned,Post Office,Main Post Office,,"6,474"
TEXAS 2,LIVERPOOL,MAIN OFFICE,2320 MAIN ST,BRAZORIA,LIVERPOOL,TX,77577-8744,Owned,Post Office,Remotely Managed Post Office (RMPO),7/1/1979,"1,400"
TEXAS 2,LIVINGSTON,MAIN OFFICE,1325 W CHURCH ST,POLK,LIVINGSTON,TX,77351-9998,Owned,Post Office,Administrative Post Office (APO),5/1/1976,"13,088"
TEXAS 3,LOCKHART,MAIN OFFICE,217 W MARKET ST,CALDWELL,LOCKHART,TX,78644-9998,Owned,Post Office,Administrative Post Office (APO),6/1/1936,"6,343"
TEXAS 1,LODI,MO/MODULAR BLDG,6819 FM 248 S,MARION,LODI,TX,75564-9998,Owned,Post Office,Remotely Managed Post Office (RMPO),1/1/1996,736
TEXAS 3,LOMETA,MAIN OFFICE,116 E ELM ST,LAMPASAS,LOMETA,TX,76853-9997,Owned,Post Office,Main Post Office,9/1/1962,"1,755"
TEXAS 1,LONGVIEW,DOWNTOWN STATION,201 E METHVIN ST,GREGG,LONGVIEW,TX,75601-9998,Owned,Post Office,Finance Station,6/1/1940,"23,495"
TEXAS 1,LONGVIEW,MAIN OFFICE,2336 S MOBBERLY AVE,GREGG,LONGVIEW,TX,75602-9998,Owned,Post Office,Main Post Office,8/1/1968,"36,166"
TEXAS 1,LONGVIEW,NORTHWEST STATION,4501 MCCANN RD,GREGG,LONGVIEW,TX,75605-9998,Owned,Post Office,Station,11/1/1988,"30,548"
TEXAS 2,LOPENO,MPO/MODULAR BLDG,305 1ST ST,ZAPATA,LOPENO,TX,78564-9998,Owned,Post Office,Remotely Managed Post Office (RMPO),12/1/1995,736
TEXAS 3,LORENZO,MAIN OFFICE,225 HIGHWAY 62,CROSBY,LORENZO,TX,79343-2601,Owned,Post Office,Main Post Office,10/1/1998,"5,957"
TEXAS 2,LOZANO,MPO/MODULAR BLDG,25698 E BROWN TRACT RD,CAMERON,LOZANO,TX,78568-9800,Owned,Post Office,Remotely Managed Post Office (RMPO),10/1/1995,736
TEXAS 3,LUBBOCK,DOWNTOWN STATION,411 AVENUE L,LUBBOCK,LUBBOCK,TX,79408-1899,Owned,Post Office,Station,8/1/1983,"22,238"
TEXAS 3,LUBBOCK,FREEDOM STATION,5001 AVENUE L,LUBBOCK,LUBBOCK,TX,79452-9998,Owned,Post Office,Station,7/1/1977,"11,830"
TEXAS 3,LUBBOCK,GEORGE W SINGER STA,4901 S LOOP 289,LUBBOCK,LUBBOCK,TX,79464-9998,Owned,Post Office,Station,4/1/1979,"9,808"
TEXAS 3,LUBBOCK,MAIN OFFICE/ P&DC,1515 CRICKETS AVE,LUBBOCK,LUBBOCK,TX,79402-9998,Owned,Post Office,Main Post Office,10/1/1967,"85,257"
TEXAS 3,LUBBOCK,MAIN OFFICE/ P&DC,1515 CRICKETS AVE,LUBBOCK,LUBBOCK,TX,79402-9998,Owned,Mail Processing,Processing and Distribution Center/Facility (PDC/PDF),10/1/1967,"85,257"
TEXAS 3,LUBBOCK,MAIN OFFICE/ P&DC,1515 CRICKETS AVE,LUBBOCK,LUBBOCK,TX,79402-9998,Owned,Mail Processing,Mail Processing Annex (ANX),10/1/1967,"85,257"
TEXAS 3,LUBBOCK,MAIN OFFICE/ P&DC,1515 CRICKETS AVE,LUBBOCK,LUBBOCK,TX,79402-9998,Owned,Network Facilities,Logistics (LOG),10/1/1967,"85,257"
TEXAS 3,LUBBOCK,MAIN OFFICE/ P&DC,1515 CRICKETS AVE,LUBBOCK,LUBBOCK,TX,79402-9998,Owned,Network Facilities,Logistics (LOG),10/1/1967,"85,257"
TEXAS 3,LUBBOCK,MONTEREY STATION,5014 GARY AVE,LUBBOCK,LUBBOCK,TX,79413-9998,Owned,Post Office,Station,10/1/1988,"17,571"
TEXAS 3,LUBBOCK,SUNSET STATION,2121 FRANKFORD AVE,LUBBOCK,LUBBOCK,TX,79490-9998,Owned,Post Office,Station,10/1/1971,"6,302"
TEXAS 3,LUBBOCK,VMF,1515 CRICKETS AVE,LUBBOCK,LUBBOCK,TX,79402-9341,Owned,Vehicle Maintenance,Vehicle Maintenance Facility (VMF),10/1/1967,"6,528"
TEXAS 1,LUFKIN,MAIN OFFICE,800 S JOHN REDDITT DR,ANGELINA,LUFKIN,TX,75904-9998,Owned,Post Office,Administrative Post Office (APO),12/1/1988,"42,385"
TEXAS 1,LUFKIN,MAIN OFFICE,800 S JOHN REDDITT DR,ANGELINA,LUFKIN,TX,75904-9998,Owned,Post Office,Service Hub Facility (SHF),12/1/1988,"42,385"
TEXAS 3,LULING,MAIN OFFICE,517 E CROCKETT ST,CALDWELL,LULING,TX,78648-9998,Owned,Post Office,Administrative Post Office (APO),6/1/1935,"6,183"
TEXAS 2,MAGNOLIA,MAIN OFFICE,815 GOODSON RD,MONTGOMERY,MAGNOLIA,TX,77355-9998,Owned,Post Office,Main Post Office,7/1/1986,"11,537"
TEXAS 1,MANSFIELD,MAIN OFFICE,752 N MAIN ST,TARRANT,MANSFIELD,TX,76063-3203,Owned,Post Office,Administrative Post Office (APO),9/1/1995,"29,161"
TEXAS 3,MARBLE FALLS,MAIN OFFICE,1212 N US HIGHWAY 281,BURNET,MARBLE FALLS,TX,78654-9998,Owned,Post Office,Main Post Office,8/1/1981,"6,396"
TEXAS 3,MARBLE FALLS,MAIN OFFICE,1212 N US HIGHWAY 281,BURNET,MARBLE FALLS,TX,78654-9998,Owned,Post Office,Branch,8/1/1981,"6,396"
TEXAS 1,MARLIN,MAIN OFFICE,207 COLEMAN ST,FALLS,MARLIN,TX,76661-9998,Owned,Post Office,Administrative Post Office (APO),10/1/1967,"7,848"
TEXAS 1,MARSHALL,MAIN OFFICE,202 E TRAVIS ST,HARRISON,MARSHALL,TX,75670-9998,Owned,Post Office,Administrative Post Office (APO),1/1/1961,"17,090"
TEXAS 1,MART,MAIN OFFICE,301 E TEXAS AVE,MCLENNAN,MART,TX,76664-9998,Owned,Post Office,Administrative Post Office (APO),6/1/1937,"5,937"
TEXAS 1,MAYDELLE,MPO/MODULAR BLDG,156 COUNTY ROAD 1801,CHEROKEE,MAYDELLE,TX,75772-9998,Owned,Post Office,Remotely Managed Post Office (RMPO),,768
TEXAS 3,MCADOO,MAIN OFFICE,104 S MAIN ST,DICKENS,MCADOO,TX,79243-9998,Owned,Post Office,Remotely Managed Post Office (RMPO),,418
TEXAS 2,MCALLEN,AUXILIARY VMF,620 E PECAN BLVD,HIDALGO,MCALLEN,TX,78501-9991,Owned,Vehicle Maintenance,Vehicle Maintenance Facility (VMF),4/1/1988,"5,797"
TEXAS 2,MCALLEN,Main Office,620 E PECAN BLVD,HIDALGO,MCALLEN,TX,78501-9998,Owned,Post Office,Main Post Office,4/1/1988,"24,000"
TEXAS 2,MCALLEN,Main Office,620 E PECAN BLVD,HIDALGO,MCALLEN,TX,78501-9998,Owned,Network Facilities,Logistics (LOG),4/1/1988,"24,000"
TEXAS 2,MCALLEN,NEW DOWNTOWN STA,406 S 12TH ST,HIDALGO,MCALLEN,TX,78501-4977,Owned,Post Office,Finance Station,9/2/2009,"4,066"
TEXAS 2,MCALLEN,P&DC,620 E PECAN BLVD,HIDALGO,MCALLEN,TX,78501-9992,Owned,Mail Processing,Processing and Distribution Center/Facility (PDC/PDF),12/1/1975,"78,922"
TEXAS 3,MCCAULLEY,MPO/MODULAR BLDG,1238 COUNTY ROAD 764,FISHER,MC CAULLEY,TX,79534-9998,Owned,Post Office,Remotely Managed Post Office (RMPO),8/1/1995,"1,472"
TEXAS 2,MCFADDIN,MPO/MODULAR BLDG,2207 FM 445,VICTORIA,MCFADDIN,TX,77973-9800,Owned,Post Office,Remotely Managed Post Office (RMPO),11/1/1995,701
TEXAS 1,MCKINNEY,MAIN OFFICE,550 N CENTRAL EXPY,COLLIN,MCKINNEY,TX,75070-9998,Owned,Post Office,Main Post Office,3/1/1992,"38,124"
TEXAS 3,MEMPHIS,MAIN OFFICE,700 W MAIN ST,HALL,MEMPHIS,TX,79245-9998,Owned,Post Office,Administrative Post Office (APO),6/1/1932,"9,391"
TEXAS 2,MERCEDES,MAIN OFFICE,307 STARR ST,HIDALGO,MERCEDES,TX,78570-9998,Owned,Post Office,Main Post Office,2/1/1977,"6,306"
TEXAS 3,MERETA,MAIN OFFICE MODULAR,997 BROADWAY ST,TOM GREEN,MERETA,TX,76940-9803,Owned,Post Office,Remotely Managed Post Office (RMPO),11/1/1994,736
TEXAS 1,MERIT,MO/MODULAR BLDG,2584 FM 36 N,HUNT,MERIT,TX,75458-9998,Owned,Post Office,Remotely Managed Post Office (RMPO),10/1/1994,736
TEXAS 1,MEXIA,MAIN OFFICE,100 N MCKINNEY ST,LIMESTONE,MEXIA,TX,76667-9998,Owned,Post Office,Administrative Post Office (APO),6/1/1931,"11,291"
TEXAS 3,MIDLAND,CLAY DESTA STATION,612 VETERANS AIRPARK LN,MIDLAND,MIDLAND,TX,79705-9998,Owned,Post Office,Station,10/1/1987,"28,030"
TEXAS 3,MIDLAND,GRAVES STATION,3304 W WADLEY AVE,MIDLAND,MIDLAND,TX,79707-9998,Owned,Post Office,Finance Station,,"7,218"
TEXAS 3,MIDLAND,P&DC,10000 LOOP 40,MIDLAND,MIDLAND,TX,79711-9998,Owned,Post Office,Finance Station,12/1/1988,"124,152"
TEXAS 3,MIDLAND,P&DC,10000 LOOP 40,MIDLAND,MIDLAND,TX,79711-9998,Owned,Post Office,Main Post Office,12/1/1988,"124,152"
TEXAS 3,MIDLAND,P&DC,10000 LOOP 40,MIDLAND,MIDLAND,TX,79711-9998,Owned,Mail Processing,Processing and Distribution Center/Facility (PDC/PDF),12/1/1988,"124,152"
TEXAS 3,MIDLAND,P&DC,10000 LOOP 40,MIDLAND,MIDLAND,TX,79711-9998,Owned,Network Facilities,Logistics (LOG),12/1/1988,"124,152"
TEXAS 3,MILLERSVIEW,MPO/MODULAR BLDG,8090 FM 765 E,CONCHO,MILLERSVIEW,TX,76862-9998,Owned,Post Office,Remotely Managed Post Office (RMPO),12/1/1995,598
TEXAS 2,MISSION,MAIN OFFICE,901 N FRANCISCO AVE,HIDALGO,MISSION,TX,78572-9998,Owned,Post Office,Main Post Office,7/1/2002,"30,316"
TEXAS 2,MISSOURI CITY,CARRIER ANNEX,3701 GLENN LAKES LN,FORT BEND,MISSOURI CITY,TX,77459-9998,Owned,Post Office,Carrier Annex (ANX),3/28/2005,"17,131"
TEXAS 2,MISSOURI CITY,MAIN OFFICE,1902 TEXAS PKWY,FORT BEND,MISSOURI CITY,TX,77489-9998,Owned,Post Office,Main Post Office,12/1/1976,"13,958"
TEXAS 3,MONAHANS,MAIN OFFICE,201 S BETTY AVE,WARD,MONAHANS,TX,79756-9998,Owned,Post Office,Administrative Post Office (APO),3/1/1985,"7,333"
TEXAS 1,MONTALBA,MAIN OFFICE,200 E FM 321,ANDERSON,MONTALBA,TX,75853-9998,Owned,Post Office,Remotely Managed Post Office (RMPO),1/1/1970,864
TEXAS 2,MONTGOMERY,Carrier Annex,21359 EVA ST,MONTGOMERY,MONTGOMERY,TX,77356-9997,Owned,Post Office,Carrier Annex (ANX),12/1/1985,"11,060"
TEXAS 1,MYRA,MPO/MODULAR BLDG,206 BRADFORD ST,COOKE,MYRA,TX,76253-9998,Owned,,,12/1/1996,736
TEXAS 1,NACOGDOCHES,MAIN OFFICE,3007 N UNIVERSITY DR,NACOGDOCHES,NACOGDOCHES,TX,75965-9998,Owned,Post Office,Administrative Post Office (APO),4/1/1988,"25,499"
TEXAS 1,NAPLES,MAIN OFFICE,203 MAIN ST,MORRIS,NAPLES,TX,75568-9998,Owned,Post Office,Administrative Post Office (APO),6/1/1966,"5,500"
TEXAS 2,NAVASOTA,MAIN OFFICE,115 FARQUHAR ST,GRIMES,NAVASOTA,TX,77868-9998,Owned,Post Office,Administrative Post Office (APO),6/1/1917,"7,097"
TEXAS 1,NEMO,MAIN OFFICE,1015 County Rd 407,SOMERVELL,NEMO,TX,76070-9998,Owned,Post Office,Remotely Managed Post Office (RMPO),3/2/2018,480
TEXAS 2,NEW BADEN,MPO/MODULAR BLDG,199 FM 1940,ROBERTSON,NEW BADEN,TX,77870-4102,Owned,Post Office,Remotely Managed Post Office (RMPO),8/1/1996,796
TEXAS 3,NEW BRAUNFELS,MAIN OFFICE,686 S SEGUIN AVE,COMAL,NEW BRAUNFELS,TX,78130-9998,Owned,Post Office,Carrier Annex (ANX),11/1/1986,"20,981"
TEXAS 2,NEW CANEY,MAIN OFFICE,20811 US HIGHWAY 59,MONTGOMERY,NEW CANEY,TX,77357-9998,Owned,Post Office,Main Post Office,1/1/1980,"4,440"
TEXAS 1,NOCONA,MAIN OFFICE,400 CLAY ST,MONTAGUE,NOCONA,TX,76255-9998,Owned,Post Office,Administrative Post Office (APO),6/1/1936,"6,501"
TEXAS 1,NORTH TEXAS,P&DC,951 W BETHEL RD,DALLAS,COPPELL,TX,75099-5000,Owned,Administrative Office,District Administrative Office (DM),10/1/1990,"629,249"
TEXAS 1,NORTH TEXAS,P&DC,951 W BETHEL RD,DALLAS,COPPELL,TX,75099-5000,Owned,Mail Processing,Processing and Distribution Center/Facility (PDC/PDF),10/1/1990,"629,249"
TEXAS 1,NORTH TEXAS,P&DC,951 W BETHEL RD,DALLAS,COPPELL,TX,75099-5000,Owned,Administrative Office,Consumer Affairs Office,10/1/1990,"629,249"
TEXAS 1,NORTH TEXAS,P&DC,951 W BETHEL RD,DALLAS,COPPELL,TX,75099-5000,Owned,Administrative Office,Office of the Inspector General Office (OIG),10/1/1990,"629,249"
TEXAS 1,NORTH TEXAS,P&DC,951 W BETHEL RD,DALLAS,COPPELL,TX,75099-5000,Owned,Network Facilities,Logistics (LOG),10/1/1990,"629,249"
TEXAS 1,NORTH TEXAS,P&DC,951 W BETHEL RD,DALLAS,COPPELL,TX,75099-5000,Owned,Administrative Office,Division Administrative Office (Processing),10/1/1990,"629,249"
TEXAS 1,NORTH TEXAS,P&DC,951 W BETHEL RD,DALLAS,COPPELL,TX,75099-5000,Owned,Administrative Office,Division Administrative Office (Logistics),10/1/1990,"629,249"
TEXAS 1,NORTH TEXAS,P&DC,951 W BETHEL RD,DALLAS,COPPELL,TX,75099-5000,Owned,Administrative Office,Consumer Affairs Headquarters,10/1/1990,"629,249"
TEXAS 1,NORTH TEXAS,VMF,951 W BETHEL RD,DALLAS,COPPELL,TX,75099-9301,Owned,Vehicle Maintenance,Vehicle Maintenance Facility (VMF),1/1/1991,"19,279"
TEXAS 3,NOVICE,MPO/MODULAR BLDG,700 PARKER ST,COLEMAN,NOVICE,TX,79538-9704,Owned,Post Office,Remotely Managed Post Office (RMPO),8/1/1995,"1,472"
TEXAS 3,ODESSA,NORTHEAST STATION,4551 E 52ND ST,ECTOR,ODESSA,TX,79762-9998,Owned,Post Office,Station,1/1/1987,"27,598"
TEXAS 3,OLD GLORY,MPO/MODULAR BLDG,9080 FM 1835,STONEWALL,OLD GLORY,TX,79540-9998,Owned,Post Office,Remotely Managed Post Office (RMPO),11/1/1998,700
TEXAS 3,OLTON,MAIN OFFICE,416 8TH ST,LAMB,OLTON,TX,79064-9805,Owned,Post Office,Main Post Office,7/1/1964,"3,240"
TEXAS 2,ORANGE,MAIN OFFICE,500 4TH ST,ORANGE,ORANGE,TX,77630-9998,Owned,Post Office,Main Post Office,6/1/1961,"17,779"
TEXAS 1,ORE CITY,MAIN OFFICE,203 US HIGHWAY 259 S,UPSHUR,ORE CITY,TX,75683-9998,Owned,Post Office,Main Post Office,9/1/1995,"2,784"
TEXAS 3,ORLA,MPO/MODULAR BLDG,3737 N HIGHWAY 285,REEVES,ORLA,TX,79770-9800,Owned,Post Office,Part Time Post Office (PTPO),2/1/1995,736
TEXAS 1,PALESTINE,MAIN OFFICE,1213 N LINK ST,ANDERSON,PALESTINE,TX,75803-9998,Owned,Post Office,Administrative Post Office (APO),10/1/1989,"35,148"
TEXAS 1,PALESTINE,MAIN OFFICE,1213 N LINK ST,ANDERSON,PALESTINE,TX,75803-9998,Owned,Post Office,Service Hub Facility (SHF),10/1/1989,"35,148"
TEXAS 3,PAMPA,MAIN OFFICE,120 E FOSTER AVE,GRAY,PAMPA,TX,79065-9998,Owned,Post Office,Administrative Post Office (APO),6/1/1934,"12,879"
TEXAS 3,PANDORA,MPO/MODULAR BLDG,8547 FM 1107,WILSON,PANDORA,TX,78143-9800,Owned,Post Office,Remotely Managed Post Office (RMPO),1/1/1996,736
TEXAS 1,PARIS,MPO,500 CLARKSVILLE ST,LAMAR,PARIS,TX,75460-9998,Owned,Post Office,Administrative Post Office (APO),12/1/2000,"21,228"
TEXAS 2,PASADENA,DELBERT L. ATKINSON S,6100 SPENCER HWY,HARRIS,PASADENA,TX,77505-9998,Owned,,,5/1/1976,"17,421"
TEXAS 2,PASADENA,MAIN OFFICE,1199 PASADENA BLVD,HARRIS,PASADENA,TX,77501-9998,Owned,Post Office,Main Post Office,8/1/1966,"45,000"
TEXAS 2,PEARLAND,MAIN OFFICE,3519 E WALNUT ST,BRAZORIA,PEARLAND,TX,77581-9998,Owned,Post Office,Main Post Office,2/1/1984,"14,132"
TEXAS 2,PEARLAND,SILVERLAKE STATION,2700 CULLEN BLVD,BRAZORIA,PEARLAND,TX,77584-9998,Owned,Post Office,Station,5/1/2006,"20,386"
TEXAS 3,PECOS,MAIN OFFICE,106 W 4TH ST,REEVES,PECOS,TX,79772-9998,Owned,Post Office,Administrative Post Office (APO),12/1/1936,"23,088"
TEXAS 3,PENDLETON,MO/MODULAR BLDG,9765 PENDLETON TROY RD,BELL,PENDLETON,TX,76564-9800,Owned,Post Office,Remotely Managed Post Office (RMPO),2/1/1996,736
TEXAS 1,PENNINGTON,MPO/MODULAR BLDG,6552 FM 2781,TRINITY,PENNINGTON,TX,75856-9998,Owned,Post Office,Remotely Managed Post Office (RMPO),5/1/1998,736
TEXAS 3,PETERSBURG,MAIN OFFICE,1501 E 1ST ST,HALE,PETERSBURG,TX,79250-9802,Owned,Post Office,Main Post Office,11/1/1962,"3,300"
TEXAS 3,PFLUGERVILLE,MAIN OFFICE,301 S HEATHERWILDE BLVD,TRAVIS,PFLUGERVILLE,TX,78660-9998,Owned,Post Office,Main Post Office,12/1/1998,"25,172"
TEXAS 2,PIERCE,MPO/MODULAR BLDG,18566 LOOP 526 HWY,WHARTON,PIERCE,TX,77467-0001,Owned,Post Office,Remotely Managed Post Office (RMPO),12/1/1994,736
TEXAS 3,PLAINVIEW,MAIN OFFICE,725 ASH ST,HALE,PLAINVIEW,TX,79072-7308,Owned,Post Office,Administrative Post Office (APO),6/1/1933,"20,712"
TEXAS 1,PLANO,COIT STATION,3400 COIT RD,COLLIN,PLANO,TX,75075-9998,Owned,Post Office,Station,8/1/1997,"42,627"
TEXAS 1,PLANO,DOWNTOWN STATION,1112 18TH ST,COLLIN,PLANO,TX,75074-9997,Owned,Post Office,Finance Station,5/1/1968,"8,558"
TEXAS 1,PLANO,MAIN OFFICE,1200 JUPITER RD,COLLIN,PLANO,TX,75074-9998,Owned,Post Office,Main Post Office,10/1/1988,"30,718"
TEXAS 1,PLANO,MAIN OFFICE,1200 JUPITER RD,COLLIN,PLANO,TX,75074-9998,Owned,Post Office,Finance Station - No Delivery,10/1/1988,"30,718"
TEXAS 1,PLANO,NORTHWEST STATION,3905 HEDGCOXE RD,COLLIN,PLANO,TX,75025-9998,Owned,Post Office,Station,3/1/2000,"27,079"
TEXAS 1,PLANO,WILDCAT STATION,2901 W PARKER RD,COLLIN,PLANO,TX,75023-9998,Owned,Post Office,Station,10/1/1985,"24,434"
TEXAS 1,Plano Southern Area,(NFRL DO NOT ENTER CALL),660 DATA DR STE 300,COLLIN,PLANO,TX,75075-9997,Owned,Administrative Office,Facilities Service Office (FSO),9/7/2018,"105,236"
TEXAS 1,Plano Southern Area,(NFRL DO NOT ENTER CALL),660 DATA DR STE 300,COLLIN,PLANO,TX,75075-9997,Owned,Administrative Office,Area Administrative Office (AVP),9/7/2018,"105,236"
TEXAS 1,Plano Southern Area,(NFRL DO NOT ENTER CALL),660 DATA DR STE 300,COLLIN,PLANO,TX,75075-9997,Owned,Administrative Office,Headquarters Related,9/7/2018,"105,236"
TEXAS 2,PLEDGER,MPO/MODULAR BLDG,9463 FM 1728 RD,MATAGORDA,PLEDGER,TX,77468-9802,Owned,Post Office,Remotely Managed Post Office (RMPO),1/1/1995,874
TEXAS 3,PLUM,MPO/MODULAR BLDG,240 PLUM CHURCH RD,FAYETTE,PLUM,TX,78952-9800,Owned,Post Office,Remotely Managed Post Office (RMPO),10/1/1997,736
TEXAS 3,PONTOTOC,MPO/MODULAR BLDG,17658 COLLEGE ST,MASON,PONTOTOC,TX,76869-9814,Owned,Post Office,Remotely Managed Post Office (RMPO),6/1/1997,736
TEXAS 2,PORT ARTHUR,MAIN OFFICE,345 LAKESHORE DR,JEFFERSON,PORT ARTHUR,TX,77640-9998,Owned,Post Office,Administrative Post Office (APO),5/1/1965,"21,731"
TEXAS 2,PORT ISABEL,SOUTH PADRE ISLAND BR,4701 PADRE BLVD,CAMERON,SOUTH PADRE ISLAND,TX,78597-9998,Owned,Post Office,Branch,9/1/1988,"10,393"
TEXAS 2,PORTER,MAIN OFFICE,23550 PARTNERS WAY,MONTGOMERY,PORTER,TX,77365-9998,Owned,Post Office,Main Post Office,10/1/1986,"12,592"
TEXAS 2,PORTLAND,MAIN OFFICE,120 LANG RD,SAN PATRICIO,PORTLAND,TX,78374-2626,Owned,Post Office,Administrative Post Office (APO),9/1/1983,"6,731"
TEXAS 2,PRAIRIE VIEW,MAIN OFFICE,21212 FM 1098 LOOP,WALLER,PRAIRIE VIEW,TX,77446-4100,Owned,Post Office,Main Post Office,4/1/1992,"6,490"
TEXAS 1,PROCTOR,MPO/MODULAR BLDG,1270 HIGHWAY 1476,COMANCHE,PROCTOR,TX,76468-9801,Owned,Post Office,Remotely Managed Post Office (RMPO),4/1/1997,736
TEXAS 1,PROSPER,MAIN OFFICE,941 N COLEMAN ST,COLLIN,PROSPER,TX,75078-2301,Owned,Post Office,Main Post Office,6/21/2021,0
TEXAS 1,PURDON,MPO/MODULAR BLDG,700 S BROWN ST,NAVARRO,PURDON,TX,76679-9998,Owned,Post Office,Remotely Managed Post Office (RMPO),4/1/1995,874
TEXAS 3,PURMELA,MPO/MODULAR BLDG,12250 W US HIGHWAY 84,CORYELL,PURMELA,TX,76566-9998,Owned,Post Office,Remotely Managed Post Office (RMPO),4/1/1995,874
TEXAS 3,QUANAH,MAIN OFFICE,219 W 3RD ST,HARDEMAN,QUANAH,TX,79252-9998,Owned,Post Office,Administrative Post Office (APO),6/1/1937,"8,250"
TEXAS 1,RANGER,MAIN OFFICE,202 N AUSTIN ST,EASTLAND,RANGER,TX,76470-9998,Owned,Post Office,Remotely Managed Post Office (RMPO),6/1/1938,"6,546"
TEXAS 3,RANKIN,MAIN OFFICE,819 S GRAND ST,UPTON,RANKIN,TX,79778-9998,Owned,Post Office,Main Post Office,5/1/1980,"1,400"
TEXAS 2,RAYMONDVILLE,MAIN OFFICE,705 E HIDALGO AVE,WILLACY,RAYMONDVILLE,TX,78580-9998,Owned,Post Office,Administrative Post Office (APO),4/1/1977,"6,711"
TEXAS 1,REAGAN,MPO/MODULAR BLDG,3700 FM 413,FALLS,REAGAN,TX,76680-9998,Owned,Post Office,Remotely Managed Post Office (RMPO),6/1/2007,930
TEXAS 1,RED OAK,MAIN OFFICE,104 E OVILLA RD,ELLIS,RED OAK,TX,75154-9998,Owned,Post Office,Main Post Office,11/1/1998,"9,595"
TEXAS 2,REFUGIO,MAIN OFFICE,507 OSAGE ST,REFUGIO,REFUGIO,TX,78377-9998,Owned,Post Office,Main Post Office,6/1/1988,"7,465"
TEXAS 1,REKLAW,MO/MODULAR BLDG,320 N MAIN ST,RUSK,REKLAW,TX,75784-9998,Owned,Post Office,Remotely Managed Post Office (RMPO),6/1/1998,"1,464"
TEXAS 1,RICHARDSON,HUFFHINES PARK STATIO,1206 APOLLO RD,DALLAS,RICHARDSON,TX,75081-9998,Owned,Post Office,Station,11/1/1992,"25,893"
TEXAS 1,RICHARDSON,MAIN OFFICE,433 BELLE GROVE DR,DALLAS,RICHARDSON,TX,75080-9998,Owned,Post Office,Main Post Office,1/1/1978,"29,726"
TEXAS 2,RICHMOND,MAIN OFFICE,5560 FM 1640 RD,FORT BEND,RICHMOND,TX,77469-9998,Owned,Post Office,Administrative Post Office (APO),8/1/1996,"17,878"
TEXAS 3,RIO FRIO,MPO/MODULAR BLDG,5615 RANCH ROAD 1120,REAL,RIO FRIO,TX,78879-9998,Owned,Post Office,Remotely Managed Post Office (RMPO),5/1/1996,"1,610"
TEXAS 1,ROANOKE,MAIN OFFICE,516 E BYRON NELSON BLVD,DENTON,ROANOKE,TX,76262-9998,Owned,Post Office,Main Post Office,11/1/1997,"11,783"
TEXAS 2,ROBSTOWN,MAIN OFFICE,313 E MAIN AVE,NUECES,ROBSTOWN,TX,78380-3302,Owned,Post Office,Administrative Post Office (APO),6/1/1939,"7,535"
TEXAS 3,ROCKDALE,MAIN OFFICE,234 ACKERMAN ST,MILAM,ROCKDALE,TX,76567-9998,Owned,Post Office,Administrative Post Office (APO),6/1/1939,"6,156"
TEXAS 2,ROCKPORT,MAIN OFFICE,1550 FM 2165,ARANSAS,ROCKPORT,TX,78382-9998,Owned,Post Office,Main Post Office,2/1/1984,"8,061"
TEXAS 1,ROCKWALL,MAIN OFFICE,609 S GOLIAD ST,ROCKWALL,ROCKWALL,TX,75087-9998,Owned,Post Office,Main Post Office,10/1/1987,"15,113"
TEXAS 3,ROPESVILLE,MAIN OFFICE,403 TIMMONS AVE,HOCKLEY,ROPESVILLE,TX,79358-9802,Owned,Post Office,Remotely Managed Post Office (RMPO),10/1/1963,"1,200"
TEXAS 2,ROSENBERG,MAIN OFFICE,2103 AVENUE G,FORT BEND,ROSENBERG,TX,77471-9998,Owned,Post Office,Administrative Post Office (APO),6/1/1939,"12,162"
TEXAS 2,ROSHARON,MAIN OFFICE,1810 E FM 1462 RD,BRAZORIA,ROSHARON,TX,77583-9998,Owned,Post Office,Main Post Office,9/1/1987,"7,003"
TEXAS 1,ROSS,MO/MODULAR BLDG,1441 ROSS RD,MCLENNAN,ROSS,TX,76684-9800,Owned,Post Office,Remotely Managed Post Office (RMPO),12/1/1996,736
TEXAS 1,ROSSTON,MPO/MODULAR BLDG,119 CHURCH ST,COOKE,ROSSTON,TX,76263-9998,Owned,,,11/1/1994,736
TEXAS 3,ROUND ROCK,FRONTIER STATION,2250 DOUBLE CREEK DR,WILLIAMSON,ROUND ROCK,TX,78664-9998,Owned,Post Office,Main Post Office,3/1/1999,"26,497"
TEXAS 3,ROUND ROCK,MAIN OFFICE,797 SAM BASS RD,WILLIAMSON,ROUND ROCK,TX,78681-9998,Owned,Post Office,Station,10/1/1983,"12,345"
TEXAS 1,ROWLETT,MAIN OFFICE,3416 ENTERPRISE DR,DALLAS,ROWLETT,TX,75088-9998,Owned,Post Office,Main Post Office,7/1/1982,"16,222"
TEXAS 1,RUSK,MAIN OFFICE,112 W 5TH ST,CHEROKEE,RUSK,TX,75785-9998,Owned,Post Office,Administrative Post Office (APO),6/1/1938,"6,720"
TEXAS 3,SAN ANGELO,MAIN OFFICE,1 N ABE ST,TOM GREEN,SAN ANGELO,TX,76902-9998,Owned,Post Office,Administrative Post Office (APO),8/1/1979,"38,125"
TEXAS 3,SAN ANGELO,SOUTHWEST STATION,3201 LOOP 306,TOM GREEN,SAN ANGELO,TX,76904-9998,Owned,Post Office,Station,8/1/1986,"16,205"
TEXAS 3,SAN ANGELO,VMF,1 N ABE ST,TOM GREEN,SAN ANGELO,TX,76902-9700,Owned,Vehicle Maintenance,Vehicle Maintenance Facility (VMF),9/1/1981,"4,855"
TEXAS 3,San Antonio,Alamo Hgts. Finance Unit,1107 Austin Highway,BEXAR,San Antonio,TX,78209-9998,Owned,Post Office,Finance Branch,7/11/2020,"5,655"
TEXAS 3,SAN ANTONIO,AIRPORT STATION (AMF),10250 JOHN SAUNDERS RD,BEXAR,SAN ANTONIO,TX,78216-9998,Owned,Post Office,Station,7/1/1988,"23,418"
TEXAS 3,SAN ANTONIO,ALAMO HEIGHTS CAX/SERNA,1948 AUSTIN HWY,BEXAR,SAN ANTONIO,TX,78218-2501,Owned,Post Office,Station,7/10/2020,"40,156"
TEXAS 3,SAN ANTONIO,ARSENAL STATION,1140 S LAREDO ST,BEXAR,SAN ANTONIO,TX,78204-9998,Owned,Post Office,Station,5/1/1988,"19,662"
TEXAS 3,SAN ANTONIO,BEACON HILL STA,1064 VANCE JACKSON,BEXAR,SAN ANTONIO,TX,78201-9998,Owned,Post Office,Station,1/1/1976,"14,071"
TEXAS 3,SAN ANTONIO,CEDAR ELM STATION,5837 DE ZAVALA RD,BEXAR,SAN ANTONIO,TX,78249-9998,Owned,Post Office,Station,12/1/1985,"23,383"
TEXAS 3,SAN ANTONIO,DISTRICT ADMIN BLDG,1 POST OFFICE DR,BEXAR,SAN ANTONIO,TX,78284-9997,Owned,Administrative Office,Consumer Affairs Office,6/1/1997,"34,777"
TEXAS 3,SAN ANTONIO,DISTRICT ADMIN BLDG,1 POST OFFICE DR,BEXAR,SAN ANTONIO,TX,78284-9997,Owned,Administrative Office,District Administrative Office (DM),6/1/1997,"34,777"
TEXAS 3,SAN ANTONIO,ENCINO PARK STATION,20403 ENCINO LEDGE,BEXAR,SAN ANTONIO,TX,78259-9998,Owned,Post Office,Station,10/11/2006,"25,172"
TEXAS 3,SAN ANTONIO,FRANK M TEJEDA STATION,7411 BARLITE BLVD,BEXAR,SAN ANTONIO,TX,78224-9998,Owned,Post Office,Station,5/1/1997,"33,122"
TEXAS 3,SAN ANTONIO,HERITAGE STATION,702 RICHLAND HILLS DR,BEXAR,SAN ANTONIO,TX,78245-9998,Owned,Post Office,Station,10/1/1991,"30,128"
TEXAS 3,SAN ANTONIO,J FRANK DOBIE STA,4950 E HOUSTON ST,BEXAR,SAN ANTONIO,TX,78220-9998,Owned,Post Office,Station,6/1/1986,"15,555"
TEXAS 3,SAN ANTONIO,LAUREL HEIGHTS STA,2400 MCCULLOUGH AVE,BEXAR,SAN ANTONIO,TX,78212-9998,Owned,Post Office,Station,1/1/1977,"12,915"
TEXAS 3,SAN ANTONIO,LEON VALLEY STATION,6825 HUEBNER RD,BEXAR,SAN ANTONIO,TX,78238-9998,Owned,Post Office,Branch,8/1/1985,"14,103"
TEXAS 3,SAN ANTONIO,LOCKHILL STATION,12951 HUEBNER RD,BEXAR,SAN ANTONIO,TX,78230-9998,Owned,Post Office,Station,11/1/1990,"24,711"
TEXAS 3,SAN ANTONIO,NIMITZ CARRIER ANNEX,10330 DESERT SANDS ST,BEXAR,SAN ANTONIO,TX,78216-9998,Owned,Post Office,Carrier Annex (ANX),11/1/1969,"7,297"
TEXAS 3,SAN ANTONIO,NORTH BROADWAY STATIO,9211 BROADWAY,BEXAR,SAN ANTONIO,TX,78217-9998,Owned,Post Office,Station,10/1/1974,"9,652"
TEXAS 3,SAN ANTONIO,P&DC,10410 PERRIN BEITEL RD,BEXAR,SAN ANTONIO,TX,78284-9991,Owned,Post Office,Finance Station,2/1/1979,"311,943"
TEXAS 3,SAN ANTONIO,P&DC,10410 PERRIN BEITEL RD,BEXAR,SAN ANTONIO,TX,78284-9991,Owned,Post Office,Main Post Office,2/1/1979,"311,943"
TEXAS 3,SAN ANTONIO,P&DC,10410 PERRIN BEITEL RD,BEXAR,SAN ANTONIO,TX,78284-9991,Owned,Mail Processing,Processing and Distribution Center/Facility (PDC/PDF),2/1/1979,"311,943"
TEXAS 3,SAN ANTONIO,P&DC,10410 PERRIN BEITEL RD,BEXAR,SAN ANTONIO,TX,78284-9991,Owned,Network Facilities,Logistics (LOG),2/1/1979,"311,943"
TEXAS 3,SAN ANTONIO,P&DC,10410 PERRIN BEITEL RD,BEXAR,SAN ANTONIO,TX,78284-9991,Owned,Network Facilities,Logistics (LOG),2/1/1979,"311,943"
TEXAS 3,SAN ANTONIO,S TEXAS MED CEN STA,4835 MEDICAL DR,BEXAR,SAN ANTONIO,TX,78229-9998,Owned,Post Office,Station,10/1/1974,"10,834"
TEXAS 3,SAN ANTONIO,SPBS Annex,10410 PERRIN BEITEL RD,BEXAR,SAN ANTONIO,TX,78284-9998,Owned,Mail Processing,Mail Processing Annex (ANX),5/1/1986,"60,000"
TEXAS 3,SAN ANTONIO,THOUSAND OAKS STATION,15610 HENDERSON PASS,BEXAR,SAN ANTONIO,TX,78232-9998,Owned,Post Office,Station,4/1/1986,"22,992"
TEXAS 3,SAN ANTONIO,VMF,10410 PERRIN BEITEL RD,BEXAR,SAN ANTONIO,TX,78284-9304,Owned,Vehicle Maintenance,Vehicle Maintenance Facility (VMF),2/1/1979,"21,595"
TEXAS 3,SAN MARCOS,MAIN OFFICE,210 S STAGECOACH TRL,HAYS,SAN MARCOS,TX,78666-9996,Owned,Post Office,Carrier Annex (ANX),6/20/2009,"9,859"
TEXAS 2,SANTA FE,MAIN OFFICE,13002 HIGHWAY 6,GALVESTON,SANTA FE,TX,77510-9998,Owned,Post Office,Main Post Office,2/1/1988,"16,702"
TEXAS 2,SANTA MARIA,MAIN OFFICE MODULAR BLDG,11175 MILITARY RD,CAMERON,SANTA MARIA,TX,78592-9800,Owned,Post Office,Remotely Managed Post Office (RMPO),7/1/2006,"1,407"
TEXAS 2,SARATOGA,MAIN OFFICE,17019 FM 770,HARDIN,SARATOGA,TX,77585-9702,Owned,Post Office,Remotely Managed Post Office (RMPO),11/1/1979,"1,856"
TEXAS 2,SARITA,MO/MODULAR BLDG,103 N MALLORY ST,KENEDY,SARITA,TX,78385-9800,Owned,Post Office,Remotely Managed Post Office (RMPO),10/1/1995,"1,472"
TEXAS 3,SCHERTZ,MAIN OFFICE,1081 ELBEL RD,GUADALUPE,SCHERTZ,TX,78154-2032,Owned,Post Office,Main Post Office,12/1/2008,"7,910"
TEXAS 3,SCHWERTNER,MPO/MODULAR BLDG,14775 FM 1105,WILLIAMSON,SCHWERTNER,TX,76573-9800,Owned,Post Office,Remotely Managed Post Office (RMPO),3/1/1996,"1,476"
TEXAS 3,SEGUIN,MAIN OFFICE,531 W COURT ST,GUADALUPE,SEGUIN,TX,78155-9998,Owned,Post Office,Administrative Post Office (APO),8/1/1997,"25,000"
TEXAS 1,SEYMOUR,MAIN OFFICE,210 N WASHINGTON ST,BAYLOR,SEYMOUR,TX,76380-9998,Owned,Post Office,Main Post Office,6/1/1940,"8,102"
TEXAS 3,SHAMROCK,MAIN OFFICE,210 N MADDEN ST,WHEELER,SHAMROCK,TX,79079-9998,Owned,Post Office,Administrative Post Office (APO),6/1/1936,"6,437"
TEXAS 1,SHERMAN,MAIN OFFICE,701 E PEYTON ST,GRAYSON,SHERMAN,TX,75090-9998,Owned,Post Office,Main Post Office,12/1/1991,"29,890"
TEXAS 3,SLATON,MAIN OFFICE,150 W LYNN ST,LUBBOCK,SLATON,TX,79364-9998,Owned,Post Office,Administrative Post Office (APO),6/1/1977,"4,400"
TEXAS 3,SMITHVILLE,MAIN OFFICE,400 MAIN ST,BASTROP,SMITHVILLE,TX,78957-9998,Owned,Post Office,Administrative Post Office (APO),6/1/1938,"4,545"
TEXAS 1,SOUTHMAYD,MPO/MODULAR BLDG,102 CHRISTI LN,GRAYSON,SOUTHMAYD,TX,76268-9998,Owned,Post Office,Remotely Managed Post Office (RMPO),11/1/1996,736
TEXAS 3,SPADE,MPO/MODULAR BLDG,2756 FM 168,LAMB,SPADE,TX,79369-9800,Owned,Post Office,Remotely Managed Post Office (RMPO),11/1/1995,598
TEXAS 2,SPLENDORA,MAIN OFFICE,26130 FM 2090 RD E,MONTGOMERY,SPLENDORA,TX,77372-9800,Owned,Post Office,Main Post Office,3/1/1985,"5,725"
TEXAS 2,SPRING,KLEIN STATION,7717 LOUETTA RD,HARRIS,SPRING,TX,77379-9998,Owned,Post Office,Branch,12/1/1996,"28,115"
TEXAS 2,SPRING,MAIN OFFICE,1411 WUNSCHE LOOP,HARRIS,SPRING,TX,77373-9998,Owned,Post Office,Main Post Office,6/1/1976,"23,377"
TEXAS 2,SPRING,PANTHER CREEK STATION,10800 GOSLING RD,HARRIS,SPRING,TX,77381-9998,Owned,Post Office,Branch,6/1/1998,"34,496"
TEXAS 2,SPRING,PANTHER CREEK STATION,10800 GOSLING RD,HARRIS,SPRING,TX,77381-9998,Owned,Post Office,Sorting and Delivery Center (SDC),6/1/1998,"34,496"
TEXAS 2,SPRING,WOODLANDS METRO CTR B,9450 PINECROFT DR,HARRIS,SPRING,TX,77380-9998,Owned,Post Office,Branch,8/1/1987,"17,235"
TEXAS 3,SPRING BRANCH,MAIN OFFICE,132 BLAZING MEADOW RD,COMAL,SPRING BRANCH,TX,78070-9998,Owned,Post Office,Administrative Post Office (APO),8/26/2017,"9,782"
TEXAS 2,STAFFORD,MAIN OFFICE,4110 BLUEBONNET DR,FORT BEND,STAFFORD,TX,77477-9998,Owned,Post Office,Main Post Office,10/1/1999,"12,957"
TEXAS 3,STAMFORD,MAIN OFFICE,115 S SWENSON ST,JONES,STAMFORD,TX,79553-9998,Owned,Post Office,Administrative Post Office (APO),4/1/1918,"7,575"
TEXAS 1,STEPHENVILLE,MAIN OFFICE,431 N GRAHAM ST,ERATH,STEPHENVILLE,TX,76401-9998,Owned,Post Office,Administrative Post Office (APO),10/1/1969,"16,977"
TEXAS 3,STONEWALL,MPO/MODULAR BLDG,14490 E US HIGHWAY 290,GILLESPIE,STONEWALL,TX,78671-9998,Owned,Post Office,Remotely Managed Post Office (RMPO),1/1/1996,736
TEXAS 2,SUGAR LAND,FIRST COLONY STATION,3130 GRANTS LAKE BLVD,FORT BEND,SUGAR LAND,TX,77479-9998,Owned,Post Office,Station,7/1/1997,"33,350"
TEXAS 2,SUGAR LAND,MAIN OFFICE,225 MATLAGE WAY,FORT BEND,SUGAR LAND,TX,77478-9998,Owned,Post Office,Main Post Office,1/1/1984,"24,437"
TEXAS 1,SULPHUR SPRINGS,MAIN OFFICE,320 CHURCH ST,HOPKINS,SULPHUR SPRINGS,TX,75482-9998,Owned,Post Office,Administrative Post Office (APO),6/1/1966,"16,119"
TEXAS 3,SWEETWATER,MAIN OFFICE,201 E 3RD ST,NOLAN,SWEETWATER,TX,79556-9998,Owned,Post Office,Administrative Post Office (APO),6/1/1932,"23,001"
TEXAS 3,SYLVESTER,MPO/MODULAR BLDG,399 FM 57 S,FISHER,SYLVESTER,TX,79560-9998,Owned,Post Office,Remotely Managed Post Office (RMPO),6/1/1997,736
TEXAS 3,TALPA,MPO/MODULAR BLDG,110 2ND ST,COLEMAN,TALPA,TX,76882-9802,Owned,Post Office,Remotely Managed Post Office (RMPO),4/1/1999,736
TEXAS 3,TAYLOR,MAIN OFFICE,202 W 4TH ST,WILLIAMSON,TAYLOR,TX,76574-9998,Owned,Post Office,Administrative Post Office (APO),6/1/1930,"12,431"
TEXAS 1,TEAGUE,MAIN OFFICE,320 MAIN ST,FREESTONE,TEAGUE,TX,75860-9998,Owned,Post Office,Main Post Office,6/1/1936,"6,618"
TEXAS 3,TEMPLE,MAIN OFFICE,401 N MAIN ST,BELL,TEMPLE,TX,76501-9998,Owned,Post Office,Main Post Office,6/1/1962,"22,019"
TEXAS 1,TERRELL,MAIN OFFICE,1250 STATE HIGHWAY 34 S,KAUFMAN,TERRELL,TX,75160-9998,Owned,Post Office,Administrative Post Office (APO),3/1/2010,"9,799"
TEXAS 1,TEXARKANA,MAIN OFFICE,2211 N ROBISON RD,BOWIE,TEXARKANA,TX,75501-9998,Owned,Post Office,Main Post Office,7/1/1971,"41,639"
TEXAS 1,TEXARKANA,MAIN OFFICE,2211 N ROBISON RD,BOWIE,TEXARKANA,TX,75501-9998,Owned,Post Office,Service Hub Facility (SHF),7/1/1971,"41,639"
TEXAS 1,TEXARKANA,MAIN OFFICE,2211 N ROBISON RD,BOWIE,TEXARKANA,TX,75501-9998,Owned,Post Office,Sorting and Delivery Center (SDC),7/1/1971,"41,639"
TEXAS 1,TEXARKANA,VMF,2211 N ROBISON RD,BOWIE,TEXARKANA,TX,75501-9995,Owned,Vehicle Maintenance,Vehicle Maintenance Facility (VMF),1/1/1992,"5,000"
TEXAS 2,TEXAS CITY,MAIN OFFICE,2002 11TH AVE N,GALVESTON,TEXAS CITY,TX,77590-9998,Owned,Post Office,Main Post Office,10/1/1996,"30,000"
TEXAS 2,THOMASTON,MPO/MODULAR BLDG,264 FORDTRAN RD,DE WITT,THOMASTON,TX,77989-9800,Owned,Post Office,Remotely Managed Post Office (RMPO),1/1/1996,736
TEXAS 2,THOMPSONS,MPO/MODULAR BLDG,222 OILFIELD RD,FORT BEND,THOMPSONS,TX,77481-9800,Owned,Post Office,Remotely Managed Post Office (RMPO),4/1/1999,736
TEXAS 2,TOMBALL,MAIN OFFICE,122 N HOLDERRIETH BLVD,HARRIS,TOMBALL,TX,77375-9998,Owned,Post Office,Main Post Office,8/1/1985,"16,968"
TEXAS 1,TRINIDAD,MAIN OFFICE,206 PARK ST,HENDERSON,TRINIDAD,TX,75163-9998,Owned,Post Office,Main Post Office,6/1/1975,"2,320"
TEXAS 1,TRINITY,MAIN OFFICE,116 W MAIN ST,TRINITY,TRINITY,TX,75862-9998,Owned,Post Office,Main Post Office,6/1/1941,"7,015"
TEXAS 1,TYLER,MAIN OFFICE/P&D,2100 W MARTIN LUTHER KING JR BLVD,SMITH,TYLER,TX,75702-9998,Owned,Post Office,Main Post Office,3/1/1982,"44,327"
TEXAS 1,TYLER,VMF,2100 W MARTIN LUTHER KING JR BLVD,SMITH,TYLER,TX,75702-9351,Owned,Vehicle Maintenance,Vehicle Maintenance Facility (VMF),10/1/1984,"10,964"
TEXAS 3,UVALDE,MAIN OFFICE,103 S GETTY ST,UVALDE,UVALDE,TX,78801-9998,Owned,Post Office,Administrative Post Office (APO),6/1/1916,"11,614"
TEXAS 3,UVALDE,MAIN OFFICE,103 S GETTY ST,UVALDE,UVALDE,TX,78801-9998,Owned,Network Facilities,Hub Facility (HUB),6/1/1916,"11,614"
TEXAS 3,VERIBEST,MPO/MODULAR BLDG,10777 FM 380,TOM GREEN,VERIBEST,TX,76886-9800,Owned,Post Office,Remotely Managed Post Office (RMPO),11/1/1998,756
TEXAS 1,VERNON,MAIN OFFICE,1701 TEXAS ST,WILBARGER,VERNON,TX,76384-9998,Owned,Post Office,Administrative Post Office (APO),6/1/1919,"12,717"
TEXAS 2,VICTORIA,JAMES MOODY STATION,2804 SAM HOUSTON DR,VICTORIA,VICTORIA,TX,77904-9998,Owned,Post Office,Station,7/1/1987,"23,551"
TEXAS 2,VICTORIA,JAMES MOODY STATION,2804 SAM HOUSTON DR,VICTORIA,VICTORIA,TX,77904-9998,Owned,Post Office,Service Hub Facility (SHF),7/1/1987,"23,551"
TEXAS 3,VOCA,MPO/MODULAR BLDG,255 N FM 1851,MCCULLOCH,VOCA,TX,76887-9814,Owned,Post Office,Remotely Managed Post Office (RMPO),4/1/1995,"1,472"
TEXAS 2,VOTAW,MPO/MODULAR BLDG,21598 OLD HWY,HARDIN,VOTAW,TX,77376-0015,Owned,Post Office,Remotely Managed Post Office (RMPO),10/1/1994,736
TEXAS 1,WACO,BELLMEAD BRANCH,901 BANK DR,MCLENNAN,WACO,TX,76705-9998,Owned,Post Office,Branch,8/1/1990,"16,170"
TEXAS 1,WACO,DOWNTOWN STATION,424 CLAY AVE,MCLENNAN,WACO,TX,76706-9998,Owned,Post Office,Finance Station - No Delivery,6/1/2000,"20,827"
TEXAS 1,WACO,HIGHLANDER STATION,4428 N 19TH ST,MCLENNAN,WACO,TX,76708-1145,Owned,Post Office,Station,10/1/1998,"24,320"
TEXAS 1,WACO,MAIN OFFICE/P&DF,430 W STATE HIGHWAY 6,MCLENNAN,WACO,TX,76702-0009,Owned,Post Office,Main Post Office,2/1/1984,"71,978"
TEXAS 1,WACO,MAIN OFFICE/P&DF,430 W STATE HIGHWAY 6,MCLENNAN,WACO,TX,76702-0009,Owned,Post Office,Sorting and Delivery Center (SDC),2/1/1984,"71,978"
TEXAS 1,WACO,OLD DOWNTOWN STATION,800 FRANKLIN AVE,MCLENNAN,WACO,TX,76703-9998,Owned,,,1/1/1937,"80,620"
TEXAS 1,WACO,VMF,430 W STATE HIGHWAY 6,MCLENNAN,WACO,TX,76702-9304,Owned,Vehicle Maintenance,Vehicle Maintenance Facility (VMF),1/1/1986,"19,138"
TEXAS 3,WALBURG,MPO/MODULAR BLDG,3745 FM 972,WILLIAMSON,WALBURG,TX,78673-9800,Owned,Post Office,Remotely Managed Post Office (RMPO),2/1/1998,"1,472"
TEXAS 3,WARDA,MPO/MODULAR BLDG.,5621 S US HIGHWAY 77,FAYETTE,WARDA,TX,78960-9800,Owned,Post Office,Remotely Managed Post Office (RMPO),,701
TEXAS 3,WARING,MPO/MODULAR BLDG,538 WARING WELFARE RD,KENDALL,WARING,TX,78074-9800,Owned,Post Office,Remotely Managed Post Office (RMPO),5/1/1996,736
TEXAS 1,WAXAHACHIE,MAIN OFFICE,316 N COLLEGE ST,ELLIS,WAXAHACHIE,TX,75165-9998,Owned,Post Office,Main Post Office,3/1/1967,"9,877"
TEXAS 1,WEATHERFORD,MAIN OFFICE,1145 SANTA FE DR,PARKER,WEATHERFORD,TX,76086-5887,Owned,Post Office,Administrative Post Office (APO),8/1/1994,"22,015"
TEXAS 2,WEBSTER,MAIN OFFICE,17077 N TEXAS AVE,HARRIS,WEBSTER,TX,77598-9998,Owned,Post Office,Main Post Office,8/1/1986,"9,632"
TEXAS 3,WEIR,MPO/MODULAR BLDG.,200 FM 1105,WILLIAMSON,WEIR,TX,78674-9998,Owned,Post Office,Remotely Managed Post Office (RMPO),3/1/2005,960
TEXAS 3,WELLINGTON,MAIN OFFICE,1000 WEST AVE,COLLINGSWORTH,WELLINGTON,TX,79095-9998,Owned,Post Office,Administrative Post Office (APO),6/1/1939,"8,242"
TEXAS 3,WELLMAN,MPO/MODULAR BLDG,503 YOAKUM,TERRY,WELLMAN,TX,79378-9800,Owned,Post Office,Remotely Managed Post Office (RMPO),6/1/1995,"1,472"
TEXAS 2,WESLACO,MAIN OFFICE,109 N BORDER AVE,HIDALGO,WESLACO,TX,78596-9998,Owned,Post Office,Main Post Office,3/1/1982,"10,269"
TEXAS 1,WESTON,MPO/MODULAR BLDG,101 MAIN ST,COLLIN,WESTON,TX,75097-9998,Owned,Post Office,Remotely Managed Post Office (RMPO),10/1/1995,736
TEXAS 2,WHARTON,MAIN OFFICE,141 E MILAM ST,WHARTON,WHARTON,TX,77488-9998,Owned,Post Office,Administrative Post Office (APO),6/1/1936,"10,354"
TEXAS 3,WHITHARRAL,MPO/MODULAR BLDG,201 BADGER,HOCKLEY,WHITHARRAL,TX,79380-9800,Owned,Post Office,Remotely Managed Post Office (RMPO),,736
TEXAS 1,WHITT,MPO/MODULAR BLDG,191 MAIN ST,PARKER,WHITT,TX,76490-9998,Owned,Post Office,Remotely Managed Post Office (RMPO),10/1/1996,736
TEXAS 1,WICHITA FALLS,BRIDGE CREEK STATION,4001 SOUTHWEST PKWY,WICHITA,WICHITA FALLS,TX,76308-3563,Owned,Post Office,Station,5/1/1998,"19,066"
TEXAS 1,WICHITA FALLS,MAIN OFFICE,1000 LAMAR ST,WICHITA,WICHITA FALLS,TX,76301-9995,Owned,Post Office,Administrative Post Office (APO),3/1/1939,"102,621"
TEXAS 1,WICHITA FALLS,MAIN OFFICE,1000 LAMAR ST,WICHITA,WICHITA FALLS,TX,76301-9995,Owned,Post Office,Finance Station,3/1/1939,"102,621"
TEXAS 1,WICHITA FALLS,MORNINGSIDE CAR FAC,3107 5TH ST,WICHITA,WICHITA FALLS,TX,76301-1841,Owned,Post Office,Station,9/1/1983,"15,529"
TEXAS 1,WICHITA FALLS,VMF,3107 5TH ST REAR,WICHITA,WICHITA FALLS,TX,76301-9341,Owned,Vehicle Maintenance,Vehicle Maintenance Facility (VMF),9/1/1983,"1,600"
TEXAS 2,WILLIS,MAIN OFFICE,609 N CAMPBELL ST,MONTGOMERY,WILLIS,TX,77378-9998,Owned,Post Office,Main Post Office,6/1/1977,"8,184"
TEXAS 3,WIMBERLEY,MAIN OFFICE,111 JOE WIMBERLEY BLVD,HAYS,WIMBERLEY,TX,78676-9998,Owned,Post Office,Administrative Post Office (APO),11/1/1988,"13,512"
TEXAS 1,WINNSBORO,MAIN OFFICE,210 LOCUST ST,WOOD,WINNSBORO,TX,75494-9998,Owned,Post Office,Administrative Post Office (APO),9/1/1975,"6,508"
TEXAS 1,WOODLAWN,MAIN OFFICE MODULAR BLDG,9620 US HIGHWAY 59 N,HARRISON,WOODLAWN,TX,75694-9998,Owned,Post Office,Remotely Managed Post Office (RMPO),3/1/1995,736
TEXAS 1,WOODVILLE,MAIN OFFICE,307 W WHEAT ST,TYLER,WOODVILLE,TX,75979-9998,Owned,Post Office,Administrative Post Office (APO),6/1/1980,"4,440"
TEXAS 1,WYLIE,MAIN OFFICE,940 W FM 544,COLLIN,WYLIE,TX,75098-9998,Owned,Post Office,Main Post Office,9/1/1990,"19,324"
TEXAS 2,YOAKUM,MAIN OFFICE,112 NELSON ST,LAVACA,YOAKUM,TX,77995-9998,Owned,Post Office,Administrative Post Office (APO),6/1/1917,"12,300"
TEXAS 3,YORKTOWN,MAIN OFFICE,124 W MAIN ST,DE WITT,YORKTOWN,TX,78164-9998,Owned,Post Office,Administrative Post Office (APO),9/1/1998,"4,104"
Total,,,,,,,,,,,,"34,645,015"
Count,,,,,,,,,,,,686
